"Title:","'Clear Water Pri S3 ge-1/0/2 - ae1 '"
"Vertical Label:","'bits per second'"
"Start Date:","2018-02-25 08:01:00"
"End Date:","2018-02-26 08:00:00"
"Step:","60"
"Total Rows:","1440"
"Graph ID:","3413"
"Host ID:","223"
""
"Date","In","Out"
"2018-02-25 08:01:00","4.5555487010e+06","4.7337761165e+07"
"2018-02-25 08:02:00","4.1413105742e+06","4.8411708782e+07"
"2018-02-25 08:03:00","4.4742963289e+06","4.8826198084e+07"
"2018-02-25 08:04:00","3.7574987378e+06","4.3976145404e+07"
"2018-02-25 08:05:00","4.0707988920e+06","4.0101010447e+07"
"2018-02-25 08:06:00","3.9003360464e+06","4.1869638712e+07"
"2018-02-25 08:07:00","3.7942302394e+06","3.8309752948e+07"
"2018-02-25 08:08:00","6.9587818356e+06","4.3288124218e+07"
"2018-02-25 08:09:00","6.9026746000e+06","3.0839477351e+07"
"2018-02-25 08:10:00","5.7506921200e+06","3.4122813062e+07"
"2018-02-25 08:11:00","6.3870831511e+06","3.0811174164e+07"
"2018-02-25 08:12:00","7.0445196178e+06","4.2771451884e+07"
"2018-02-25 08:13:00","6.8311155778e+06","3.6608628876e+07"
"2018-02-25 08:14:00","4.8807886356e+06","6.0137338618e+07"
"2018-02-25 08:15:00","4.1608034939e+06","6.0557241324e+07"
"2018-02-25 08:16:00","3.8422551092e+06","5.3914145885e+07"
"2018-02-25 08:17:00","4.2859502191e+06","6.0017386880e+07"
"2018-02-25 08:18:00","3.7976032311e+06","6.0746302120e+07"
"2018-02-25 08:19:00","4.0283774622e+06","6.4607344867e+07"
"2018-02-25 08:20:00","6.5037402993e+06","6.1863389080e+07"
"2018-02-25 08:21:00","6.3008654703e+06","6.0956074872e+07"
"2018-02-25 08:22:00","4.7380789060e+06","6.4255065781e+07"
"2018-02-25 08:23:00","4.6188562407e+06","6.1520665663e+07"
"2018-02-25 08:24:00","3.6557272489e+06","6.1314884562e+07"
"2018-02-25 08:25:00","3.4664255282e+06","5.6955353659e+07"
"2018-02-25 08:26:00","6.3095172933e+06","6.4357482467e+07"
"2018-02-25 08:27:00","5.4768979156e+06","5.8078642382e+07"
"2018-02-25 08:28:00","4.5043728933e+06","4.9627176796e+07"
"2018-02-25 08:29:00","4.3320059956e+06","5.2330808280e+07"
"2018-02-25 08:30:00","4.1889346978e+06","5.5772919636e+07"
"2018-02-25 08:31:00","4.2502209644e+06","6.0668571609e+07"
"2018-02-25 08:32:00","4.6737162064e+06","4.7468037586e+07"
"2018-02-25 08:33:00","3.8938837470e+06","4.4882516779e+07"
"2018-02-25 08:34:00","4.2270472066e+06","5.5778842732e+07"
"2018-02-25 08:35:00","3.7572440044e+06","4.5533562342e+07"
"2018-02-25 08:36:00","3.8258075689e+06","5.3685119836e+07"
"2018-02-25 08:37:00","4.1338093289e+06","5.6678334080e+07"
"2018-02-25 08:38:00","4.7881871867e+06","6.5263521840e+07"
"2018-02-25 08:39:00","4.0314436578e+06","6.2172322569e+07"
"2018-02-25 08:40:00","4.4328615244e+06","5.5020108133e+07"
"2018-02-25 08:41:00","4.2506921052e+06","6.0173443227e+07"
"2018-02-25 08:42:00","4.1322105689e+06","5.4760959798e+07"
"2018-02-25 08:43:00","3.8525635881e+06","5.1260931086e+07"
"2018-02-25 08:44:00","6.5859521556e+06","5.3597059853e+07"
"2018-02-25 08:45:00","7.4980858208e+06","6.4289923145e+07"
"2018-02-25 08:46:00","6.1965851525e+06","6.5074064519e+07"
"2018-02-25 08:47:00","3.7101909867e+06","6.8145381034e+07"
"2018-02-25 08:48:00","4.1093723822e+06","7.5913725471e+07"
"2018-02-25 08:49:00","4.5939401733e+06","6.9748274871e+07"
"2018-02-25 08:50:00","5.0323901644e+06","7.0881086258e+07"
"2018-02-25 08:51:00","4.7563266578e+06","6.5100158547e+07"
"2018-02-25 08:52:00","4.7868511911e+06","6.6365104044e+07"
"2018-02-25 08:53:00","4.5486514622e+06","5.8214555893e+07"
"2018-02-25 08:54:00","5.3016379178e+06","6.6166753994e+07"
"2018-02-25 08:55:00","5.0732046644e+06","6.9761274212e+07"
"2018-02-25 08:56:00","4.3426010444e+06","7.4373521715e+07"
"2018-02-25 08:57:00","4.7328494267e+06","7.7496811991e+07"
"2018-02-25 08:58:00","4.1681980133e+06","7.9324678040e+07"
"2018-02-25 08:59:00","4.1173368667e+06","7.5387747902e+07"
"2018-02-25 09:00:00","4.0778611709e+06","7.0549919040e+07"
"2018-02-25 09:01:00","4.2545728638e+06","5.6519130700e+07"
"2018-02-25 09:02:00","4.1633259653e+06","5.9286227385e+07"
"2018-02-25 09:03:00","3.8334944800e+06","5.7378329467e+07"
"2018-02-25 09:04:00","5.0220232578e+06","5.1172197258e+07"
"2018-02-25 09:05:00","5.8843395778e+06","6.3592184596e+07"
"2018-02-25 09:06:00","4.8657054448e+06","6.0077740256e+07"
"2018-02-25 09:07:00","4.8642357241e+06","6.0125469561e+07"
"2018-02-25 09:08:00","4.5863656133e+06","5.7789040480e+07"
"2018-02-25 09:09:00","4.6326742133e+06","6.4220209107e+07"
"2018-02-25 09:10:00","5.1768892444e+06","6.0467938324e+07"
"2018-02-25 09:11:00","5.7639016711e+06","6.3432268507e+07"
"2018-02-25 09:12:00","5.3581313067e+06","7.1720621613e+07"
"2018-02-25 09:13:00","5.0797821911e+06","6.8333971107e+07"
"2018-02-25 09:14:00","4.6722417200e+06","5.9115780649e+07"
"2018-02-25 09:15:00","4.9377714889e+06","6.6167987622e+07"
"2018-02-25 09:16:00","5.1227791600e+06","6.4534730556e+07"
"2018-02-25 09:17:00","4.4733306444e+06","6.2156297547e+07"
"2018-02-25 09:18:00","4.3615190800e+06","6.7576289151e+07"
"2018-02-25 09:19:00","4.4200435733e+06","6.2229733022e+07"
"2018-02-25 09:20:00","4.5214706933e+06","6.2771210160e+07"
"2018-02-25 09:21:00","4.2787462844e+06","5.8850728662e+07"
"2018-02-25 09:22:00","3.6900273022e+06","6.6488804231e+07"
"2018-02-25 09:23:00","3.9984311867e+06","6.0976645684e+07"
"2018-02-25 09:24:00","3.7465085556e+06","5.7851124093e+07"
"2018-02-25 09:25:00","4.4117473156e+06","5.9307527236e+07"
"2018-02-25 09:26:00","4.1764991422e+06","6.5918148604e+07"
"2018-02-25 09:27:00","4.5379598000e+06","7.0638019604e+07"
"2018-02-25 09:28:00","4.1502780667e+06","6.1693155102e+07"
"2018-02-25 09:29:00","6.0590620716e+06","7.8006736569e+07"
"2018-02-25 09:30:00","4.4126191182e+06","7.4181909050e+07"
"2018-02-25 09:31:00","4.2624564637e+06","6.5302720909e+07"
"2018-02-25 09:32:00","3.7159795888e+06","5.8849637957e+07"
"2018-02-25 09:33:00","3.6371364466e+06","6.6562768048e+07"
"2018-02-25 09:34:00","3.5738628933e+06","5.8869384662e+07"
"2018-02-25 09:35:00","4.4035465067e+06","6.2898996249e+07"
"2018-02-25 09:36:00","4.5434392844e+06","7.3389518987e+07"
"2018-02-25 09:37:00","4.2388363200e+06","6.3077175182e+07"
"2018-02-25 09:38:00","4.1653867911e+06","5.3074910044e+07"
"2018-02-25 09:39:00","4.1871458000e+06","5.3881593093e+07"
"2018-02-25 09:40:00","4.6567305378e+06","6.7270560236e+07"
"2018-02-25 09:41:00","5.4001595022e+06","6.6778368267e+07"
"2018-02-25 09:42:00","5.6749957822e+06","5.9692599960e+07"
"2018-02-25 09:43:00","4.9394734178e+06","5.2060875880e+07"
"2018-02-25 09:44:00","5.2002360420e+06","5.7100030448e+07"
"2018-02-25 09:45:00","4.9360218735e+06","5.5814351623e+07"
"2018-02-25 09:46:00","4.6658440219e+06","6.3162048457e+07"
"2018-02-25 09:47:00","4.3320002625e+06","5.6233901871e+07"
"2018-02-25 09:48:00","4.7486779289e+06","6.2784987524e+07"
"2018-02-25 09:49:00","4.6420335511e+06","6.7294102120e+07"
"2018-02-25 09:50:00","5.1363013911e+06","6.4086670133e+07"
"2018-02-25 09:51:00","4.8849452133e+06","6.4711248764e+07"
"2018-02-25 09:52:00","5.3659987644e+06","7.0482419013e+07"
"2018-02-25 09:53:00","4.5242277333e+06","7.4354651333e+07"
"2018-02-25 09:54:00","4.4964334044e+06","6.6044864831e+07"
"2018-02-25 09:55:00","4.4969324178e+06","6.0634225356e+07"
"2018-02-25 09:56:00","4.8631831822e+06","6.0751718062e+07"
"2018-02-25 09:57:00","4.7508308933e+06","5.6408181289e+07"
"2018-02-25 09:58:00","4.5888760400e+06","5.5209288093e+07"
"2018-02-25 09:59:00","4.2937110533e+06","6.2440336716e+07"
"2018-02-25 10:00:00","4.0433400444e+06","6.4858740329e+07"
"2018-02-25 10:01:00","4.2226292533e+06","6.0200434880e+07"
"2018-02-25 10:02:00","4.4472982356e+06","6.9572139222e+07"
"2018-02-25 10:03:00","5.0969971111e+06","6.1449019564e+07"
"2018-02-25 10:04:00","4.9325403733e+06","5.3256972418e+07"
"2018-02-25 10:05:00","4.4367901556e+06","5.1803742933e+07"
"2018-02-25 10:06:00","4.4257492933e+06","5.4941283960e+07"
"2018-02-25 10:07:00","4.2052437733e+06","5.9690988236e+07"
"2018-02-25 10:08:00","4.4959640622e+06","6.3627019618e+07"
"2018-02-25 10:09:00","4.6259485111e+06","5.9856789076e+07"
"2018-02-25 10:10:00","6.0019046311e+06","5.7619150880e+07"
"2018-02-25 10:11:00","5.7818932533e+06","5.7494617364e+07"
"2018-02-25 10:12:00","5.4379302711e+06","5.5567440142e+07"
"2018-02-25 10:13:00","5.1762387467e+06","5.6502040987e+07"
"2018-02-25 10:14:00","4.9468698311e+06","5.7125627653e+07"
"2018-02-25 10:15:00","6.7875053333e+06","6.2804400422e+07"
"2018-02-25 10:16:00","5.2237980844e+06","6.7836659800e+07"
"2018-02-25 10:17:00","4.8940884400e+06","5.9939213778e+07"
"2018-02-25 10:18:00","4.8244976978e+06","6.8689391138e+07"
"2018-02-25 10:19:00","5.5070655156e+06","7.4332712778e+07"
"2018-02-25 10:20:00","4.6647961200e+06","6.3058436231e+07"
"2018-02-25 10:21:00","5.3491541333e+06","6.7869198684e+07"
"2018-02-25 10:22:00","5.2238758533e+06","6.8168728547e+07"
"2018-02-25 10:23:00","4.6814480267e+06","7.4826740231e+07"
"2018-02-25 10:24:00","5.1449789422e+06","7.5265526627e+07"
"2018-02-25 10:25:00","4.8118490978e+06","6.7892125080e+07"
"2018-02-25 10:26:00","4.9103557422e+06","6.5826757822e+07"
"2018-02-25 10:27:00","5.0252565733e+06","6.3989551902e+07"
"2018-02-25 10:28:00","4.7288208133e+06","5.5392373204e+07"
"2018-02-25 10:29:00","4.3711078933e+06","6.0389060249e+07"
"2018-02-25 10:30:00","4.6302534489e+06","5.4320118413e+07"
"2018-02-25 10:31:00","4.4468360533e+06","4.9792919684e+07"
"2018-02-25 10:32:00","4.4647711378e+06","5.0579406569e+07"
"2018-02-25 10:33:00","4.5637162622e+06","6.0105109324e+07"
"2018-02-25 10:34:00","4.5360664844e+06","6.1319640187e+07"
"2018-02-25 10:35:00","4.1219624178e+06","5.6794688902e+07"
"2018-02-25 10:36:00","4.0980159511e+06","6.1515274116e+07"
"2018-02-25 10:37:00","4.6739546750e+06","5.3912192566e+07"
"2018-02-25 10:38:00","4.8164856165e+06","5.6848041247e+07"
"2018-02-25 10:39:00","4.1298044819e+06","5.9053429031e+07"
"2018-02-25 10:40:00","4.2277235689e+06","5.9128832840e+07"
"2018-02-25 10:41:00","4.8711116756e+06","6.5651012062e+07"
"2018-02-25 10:42:00","5.2226943644e+06","6.7838811458e+07"
"2018-02-25 10:43:00","5.0927130267e+06","6.4749918747e+07"
"2018-02-25 10:44:00","5.2568507892e+06","7.7178331788e+07"
"2018-02-25 10:45:00","4.6419752190e+06","7.0475528124e+07"
"2018-02-25 10:46:00","5.1765779829e+06","6.7694955919e+07"
"2018-02-25 10:47:00","5.3528222622e+06","6.3286477622e+07"
"2018-02-25 10:48:00","6.5826273422e+06","6.5523836142e+07"
"2018-02-25 10:49:00","5.4025483689e+06","4.8882495613e+07"
"2018-02-25 10:50:00","4.7236814178e+06","5.1144079222e+07"
"2018-02-25 10:51:00","4.4481350356e+06","5.3396723733e+07"
"2018-02-25 10:52:00","4.2233871911e+06","5.5043916667e+07"
"2018-02-25 10:53:00","4.2738349156e+06","6.0410938284e+07"
"2018-02-25 10:54:00","4.3575900667e+06","6.0991942076e+07"
"2018-02-25 10:55:00","4.3197954133e+06","6.0594375924e+07"
"2018-02-25 10:56:00","4.5478010444e+06","6.8505252253e+07"
"2018-02-25 10:57:00","5.7065296844e+06","6.2632933138e+07"
"2018-02-25 10:58:00","5.3309536889e+06","6.1393327791e+07"
"2018-02-25 10:59:00","5.4105071422e+06","5.6152253258e+07"
"2018-02-25 11:00:00","5.1775419689e+06","6.1687548724e+07"
"2018-02-25 11:01:00","4.6766661867e+06","4.4549725467e+07"
"2018-02-25 11:02:00","5.7602673556e+06","4.8185839076e+07"
"2018-02-25 11:03:00","5.7700810667e+06","6.0487452880e+07"
"2018-02-25 11:04:00","5.2107792133e+06","5.0131175062e+07"
"2018-02-25 11:05:00","4.7266191511e+06","5.6809577480e+07"
"2018-02-25 11:06:00","4.8269537822e+06","7.3740771756e+07"
"2018-02-25 11:07:00","5.5581281244e+06","6.7292702889e+07"
"2018-02-25 11:08:00","6.3063043911e+06","6.6552571062e+07"
"2018-02-25 11:09:00","6.0078122444e+06","5.8790240102e+07"
"2018-02-25 11:10:00","5.2687014711e+06","6.8102492644e+07"
"2018-02-25 11:11:00","4.6956457556e+06","5.4572223151e+07"
"2018-02-25 11:12:00","5.4908685733e+06","6.4516821596e+07"
"2018-02-25 11:13:00","5.3527079245e+06","6.8386497765e+07"
"2018-02-25 11:14:00","5.3046566818e+06","7.2600614606e+07"
"2018-02-25 11:15:00","5.0719713003e+06","7.1481556811e+07"
"2018-02-25 11:16:00","4.7384798800e+06","6.8956318596e+07"
"2018-02-25 11:17:00","4.8801469644e+06","6.8650129382e+07"
"2018-02-25 11:18:00","5.4401968000e+06","6.5930641493e+07"
"2018-02-25 11:19:00","5.9918833244e+06","6.2245683844e+07"
"2018-02-25 11:20:00","4.6880344800e+06","6.7820878658e+07"
"2018-02-25 11:21:00","4.9597862578e+06","7.1392807089e+07"
"2018-02-25 11:22:00","4.5910032000e+06","7.7877473578e+07"
"2018-02-25 11:23:00","4.5912662133e+06","6.9972307529e+07"
"2018-02-25 11:24:00","5.8558201733e+06","7.2275395022e+07"
"2018-02-25 11:25:00","5.1997436133e+06","6.4007576049e+07"
"2018-02-25 11:26:00","5.3239935406e+06","5.6249558351e+07"
"2018-02-25 11:27:00","4.7930739464e+06","6.4270983308e+07"
"2018-02-25 11:28:00","4.7592229219e+06","6.3112398173e+07"
"2018-02-25 11:29:00","4.7358096400e+06","5.5425995102e+07"
"2018-02-25 11:30:00","4.7772799644e+06","5.4991896831e+07"
"2018-02-25 11:31:00","5.3162972978e+06","6.6372932062e+07"
"2018-02-25 11:32:00","5.3918928489e+06","6.5288958018e+07"
"2018-02-25 11:33:00","4.9841188844e+06","5.4270966542e+07"
"2018-02-25 11:34:00","5.3889741333e+06","6.0354499293e+07"
"2018-02-25 11:35:00","5.3379412844e+06","6.3271878996e+07"
"2018-02-25 11:36:00","5.7622256444e+06","6.8548311902e+07"
"2018-02-25 11:37:00","5.2349014444e+06","6.6705439378e+07"
"2018-02-25 11:38:00","4.9925808400e+06","5.8148428711e+07"
"2018-02-25 11:39:00","4.8969925067e+06","5.9419122524e+07"
"2018-02-25 11:40:00","5.0844381333e+06","5.2711542524e+07"
"2018-02-25 11:41:00","5.3007298844e+06","5.7553824667e+07"
"2018-02-25 11:42:00","4.4706739911e+06","5.4828147213e+07"
"2018-02-25 11:43:00","4.6933532844e+06","4.8181390991e+07"
"2018-02-25 11:44:00","4.5830989822e+06","4.7721148760e+07"
"2018-02-25 11:45:00","5.5824407911e+06","6.7532452502e+07"
"2018-02-25 11:46:00","6.1264169556e+06","5.6466665969e+07"
"2018-02-25 11:47:00","5.7379413867e+06","5.0957228476e+07"
"2018-02-25 11:48:00","5.5031533333e+06","4.9884050942e+07"
"2018-02-25 11:49:00","5.7884604933e+06","5.6969907467e+07"
"2018-02-25 11:50:00","5.0433877956e+06","5.6441313027e+07"
"2018-02-25 11:51:00","5.6303082178e+06","6.0636156427e+07"
"2018-02-25 11:52:00","5.8490775521e+06","6.9666577293e+07"
"2018-02-25 11:53:00","5.3495772855e+06","5.6504313604e+07"
"2018-02-25 11:54:00","5.2544218380e+06","6.2140759600e+07"
"2018-02-25 11:55:00","6.0063334711e+06","5.8023005956e+07"
"2018-02-25 11:56:00","5.7290357422e+06","5.9422790573e+07"
"2018-02-25 11:57:00","6.2174697067e+06","6.3384170516e+07"
"2018-02-25 11:58:00","7.1492043022e+06","5.9049473013e+07"
"2018-02-25 11:59:00","6.4843952178e+06","6.5315065049e+07"
"2018-02-25 12:00:00","5.2730917556e+06","5.5316593636e+07"
"2018-02-25 12:01:00","5.4442101378e+06","6.3009585991e+07"
"2018-02-25 12:02:00","5.3842955067e+06","5.4950248524e+07"
"2018-02-25 12:03:00","4.4356200756e+06","5.2805331729e+07"
"2018-02-25 12:04:00","4.6087166756e+06","5.7659206400e+07"
"2018-02-25 12:05:00","5.3633361956e+06","5.3760653631e+07"
"2018-02-25 12:06:00","4.8812538489e+06","6.2426504947e+07"
"2018-02-25 12:07:00","6.7347663022e+06","5.9122625244e+07"
"2018-02-25 12:08:00","6.2206640267e+06","7.3432435484e+07"
"2018-02-25 12:09:00","5.3179291733e+06","6.7983488409e+07"
"2018-02-25 12:10:00","4.6419041911e+06","5.8779510520e+07"
"2018-02-25 12:11:00","4.4518061333e+06","5.5540528249e+07"
"2018-02-25 12:12:00","4.5473842356e+06","6.3748557342e+07"
"2018-02-25 12:13:00","5.1708543600e+06","6.4227922236e+07"
"2018-02-25 12:14:00","4.6935066533e+06","5.9171439449e+07"
"2018-02-25 12:15:00","4.9675015293e+06","6.0238754639e+07"
"2018-02-25 12:16:00","4.5353901107e+06","5.1514405989e+07"
"2018-02-25 12:17:00","5.7109561556e+06","5.9503368399e+07"
"2018-02-25 12:18:00","5.7603774800e+06","6.1117855804e+07"
"2018-02-25 12:19:00","5.6570638622e+06","5.7105207129e+07"
"2018-02-25 12:20:00","6.6542330785e+06","6.8106664019e+07"
"2018-02-25 12:21:00","5.3280863439e+06","6.7970030347e+07"
"2018-02-25 12:22:00","4.7756721909e+06","6.0623408590e+07"
"2018-02-25 12:23:00","5.0444323111e+06","5.4083805538e+07"
"2018-02-25 12:24:00","6.8128087778e+06","6.8283143729e+07"
"2018-02-25 12:25:00","5.6317022178e+06","6.3675628796e+07"
"2018-02-25 12:26:00","5.6431007067e+06","5.7313352982e+07"
"2018-02-25 12:27:00","4.8567626400e+06","5.7463074813e+07"
"2018-02-25 12:28:00","5.3152882133e+06","6.3743733249e+07"
"2018-02-25 12:29:00","4.8289576844e+06","5.9577931920e+07"
"2018-02-25 12:30:00","5.1096944311e+06","6.3703092036e+07"
"2018-02-25 12:31:00","5.7276711644e+06","7.1255599573e+07"
"2018-02-25 12:32:00","7.3258718222e+06","8.2246433836e+07"
"2018-02-25 12:33:00","6.6308635111e+06","7.6870369089e+07"
"2018-02-25 12:34:00","6.4444411467e+06","6.5534335080e+07"
"2018-02-25 12:35:00","5.9293538889e+06","6.9519515044e+07"
"2018-02-25 12:36:00","6.4705760800e+06","6.5642789618e+07"
"2018-02-25 12:37:00","6.1316901600e+06","7.6940543600e+07"
"2018-02-25 12:38:00","5.7012866978e+06","6.6441514467e+07"
"2018-02-25 12:39:00","6.1138557244e+06","6.4981584569e+07"
"2018-02-25 12:40:00","5.4596971689e+06","5.8136477418e+07"
"2018-02-25 12:41:00","5.1017442622e+06","6.2573046342e+07"
"2018-02-25 12:42:00","5.1208138267e+06","4.7631554858e+07"
"2018-02-25 12:43:00","5.1070821778e+06","6.1809820418e+07"
"2018-02-25 12:44:00","5.0813878933e+06","6.2336108458e+07"
"2018-02-25 12:45:00","6.5106973867e+06","6.4000555311e+07"
"2018-02-25 12:46:00","5.2476411644e+06","6.4598590173e+07"
"2018-02-25 12:47:00","4.2033026489e+06","6.8767271773e+07"
"2018-02-25 12:48:00","4.4778567778e+06","5.8713662689e+07"
"2018-02-25 12:49:00","4.4694159556e+06","5.9853854529e+07"
"2018-02-25 12:50:00","4.9416308222e+06","6.5708197160e+07"
"2018-02-25 12:51:00","5.2296304533e+06","6.5255961276e+07"
"2018-02-25 12:52:00","5.6943171156e+06","6.1502175489e+07"
"2018-02-25 12:53:00","5.7378135244e+06","7.5726832262e+07"
"2018-02-25 12:54:00","5.2070756889e+06","6.7890093218e+07"
"2018-02-25 12:55:00","5.1312398756e+06","6.7824344071e+07"
"2018-02-25 12:56:00","6.1412699378e+06","6.8932355609e+07"
"2018-02-25 12:57:00","6.5713338222e+06","7.8888484164e+07"
"2018-02-25 12:58:00","6.4942364089e+06","7.5489996293e+07"
"2018-02-25 12:59:00","5.9242885644e+06","6.5800593658e+07"
"2018-02-25 13:00:00","6.1212754978e+06","7.1331679773e+07"
"2018-02-25 13:01:00","6.7944076178e+06","5.8723734720e+07"
"2018-02-25 13:02:00","7.0654324978e+06","6.2210859858e+07"
"2018-02-25 13:03:00","6.7239383644e+06","6.1790548342e+07"
"2018-02-25 13:04:00","7.7290963511e+06","6.9878859067e+07"
"2018-02-25 13:05:00","7.0138824933e+06","6.0021303071e+07"
"2018-02-25 13:06:00","6.4207075022e+06","5.4820273138e+07"
"2018-02-25 13:07:00","6.6564267911e+06","6.0013172604e+07"
"2018-02-25 13:08:00","6.3395808601e+06","6.8852454432e+07"
"2018-02-25 13:09:00","7.6605183451e+06","5.4415893659e+07"
"2018-02-25 13:10:00","7.9730203903e+06","5.9208763251e+07"
"2018-02-25 13:11:00","8.0774096487e+06","6.0186337895e+07"
"2018-02-25 13:12:00","7.0632751019e+06","6.7084790338e+07"
"2018-02-25 13:13:00","6.8642907782e+06","6.2673810771e+07"
"2018-02-25 13:14:00","6.7965833067e+06","5.9736014076e+07"
"2018-02-25 13:15:00","6.2339357822e+06","5.7715354467e+07"
"2018-02-25 13:16:00","6.8783995422e+06","5.4573206369e+07"
"2018-02-25 13:17:00","7.2651389156e+06","6.0272975742e+07"
"2018-02-25 13:18:00","6.8653142071e+06","5.8825918223e+07"
"2018-02-25 13:19:00","7.0318535336e+06","6.3782231679e+07"
"2018-02-25 13:20:00","6.3610425260e+06","6.1912028369e+07"
"2018-02-25 13:21:00","9.5405610844e+06","6.0798139929e+07"
"2018-02-25 13:22:00","7.9852105156e+06","5.5018987729e+07"
"2018-02-25 13:23:00","5.5450376978e+06","6.6107073236e+07"
"2018-02-25 13:24:00","6.2276712978e+06","6.1212875973e+07"
"2018-02-25 13:25:00","7.9904979912e+06","5.7832085345e+07"
"2018-02-25 13:26:00","8.0142945616e+06","6.7240535471e+07"
"2018-02-25 13:27:00","6.0410473850e+06","5.6469954734e+07"
"2018-02-25 13:28:00","6.1534244133e+06","5.8592864311e+07"
"2018-02-25 13:29:00","5.9418023511e+06","6.4469019396e+07"
"2018-02-25 13:30:00","7.5510008356e+06","6.7047453098e+07"
"2018-02-25 13:31:00","7.5374022178e+06","6.2417295520e+07"
"2018-02-25 13:32:00","6.6938436356e+06","6.9567207182e+07"
"2018-02-25 13:33:00","8.1304673200e+06","6.6437615444e+07"
"2018-02-25 13:34:00","7.2089751287e+06","6.8267181666e+07"
"2018-02-25 13:35:00","6.0924708420e+06","6.0822573383e+07"
"2018-02-25 13:36:00","7.1614266338e+06","4.4215865387e+07"
"2018-02-25 13:37:00","5.9881538933e+06","5.1884397142e+07"
"2018-02-25 13:38:00","5.6728406535e+06","5.0345913799e+07"
"2018-02-25 13:39:00","6.2757421024e+06","5.3162384656e+07"
"2018-02-25 13:40:00","6.5778040841e+06","6.3594676750e+07"
"2018-02-25 13:41:00","6.4248362270e+06","6.7837496438e+07"
"2018-02-25 13:42:00","6.8437580539e+06","6.3299354036e+07"
"2018-02-25 13:43:00","6.7353807413e+06","6.6951044997e+07"
"2018-02-25 13:44:00","6.6916163054e+06","7.1213513419e+07"
"2018-02-25 13:45:00","6.3547993490e+06","4.9255440264e+07"
"2018-02-25 13:46:00","6.6165226079e+06","6.4420526152e+07"
"2018-02-25 13:47:00","5.6953179111e+06","5.5343944004e+07"
"2018-02-25 13:48:00","6.1344957727e+06","5.2331586070e+07"
"2018-02-25 13:49:00","5.8612006657e+06","5.0989184917e+07"
"2018-02-25 13:50:00","7.3895408549e+06","5.6641256569e+07"
"2018-02-25 13:51:00","8.1921706356e+06","6.2565986418e+07"
"2018-02-25 13:52:00","6.8626971556e+06","7.6437406227e+07"
"2018-02-25 13:53:00","7.0584549644e+06","6.7349744564e+07"
"2018-02-25 13:54:00","7.2238648178e+06","6.7837358747e+07"
"2018-02-25 13:55:00","7.6295039822e+06","6.0564227382e+07"
"2018-02-25 13:56:00","7.1366831778e+06","6.0649713822e+07"
"2018-02-25 13:57:00","8.6014028222e+06","6.6238662258e+07"
"2018-02-25 13:58:00","8.2309450844e+06","6.4408793364e+07"
"2018-02-25 13:59:00","7.6522695911e+06","6.3398143102e+07"
"2018-02-25 14:00:00","6.3102489778e+06","5.7493313471e+07"
"2018-02-25 14:01:00","6.2906979600e+06","5.2740938382e+07"
"2018-02-25 14:02:00","6.3165696533e+06","6.6755612622e+07"
"2018-02-25 14:03:00","5.9491006400e+06","7.1783983680e+07"
"2018-02-25 14:04:00","5.9250727156e+06","7.1093050716e+07"
"2018-02-25 14:05:00","6.3858296933e+06","5.3056792378e+07"
"2018-02-25 14:06:00","5.8174919484e+06","5.5978923044e+07"
"2018-02-25 14:07:00","5.2745628906e+06","5.8364191719e+07"
"2018-02-25 14:08:00","5.2780763699e+06","6.2608088730e+07"
"2018-02-25 14:09:00","5.7681723200e+06","6.3159551227e+07"
"2018-02-25 14:10:00","6.2080978667e+06","6.4582678338e+07"
"2018-02-25 14:11:00","6.5882504444e+06","6.2505397622e+07"
"2018-02-25 14:12:00","6.0057270267e+06","6.8180842804e+07"
"2018-02-25 14:13:00","6.3986587200e+06","6.3907519329e+07"
"2018-02-25 14:14:00","5.3270812356e+06","5.5744194218e+07"
"2018-02-25 14:15:00","5.6581549422e+06","6.4153849991e+07"
"2018-02-25 14:16:00","7.0962261911e+06","6.8173326800e+07"
"2018-02-25 14:17:00","5.4120565911e+06","6.6440909138e+07"
"2018-02-25 14:18:00","4.9054664044e+06","6.5867633387e+07"
"2018-02-25 14:19:00","5.8964144800e+06","7.1596580209e+07"
"2018-02-25 14:20:00","6.2574004267e+06","6.8223329658e+07"
"2018-02-25 14:21:00","5.4004333403e+06","6.7317514489e+07"
"2018-02-25 14:22:00","5.3269698420e+06","6.5708872347e+07"
"2018-02-25 14:23:00","5.7749161377e+06","7.4120751466e+07"
"2018-02-25 14:24:00","5.1947143378e+06","7.2194263400e+07"
"2018-02-25 14:25:00","5.1935487022e+06","5.8686211124e+07"
"2018-02-25 14:26:00","5.9537039867e+06","5.8130997524e+07"
"2018-02-25 14:27:00","6.4885819422e+06","7.0032411618e+07"
"2018-02-25 14:28:00","5.3831254085e+06","6.6612195198e+07"
"2018-02-25 14:29:00","5.6992460117e+06","6.7957961878e+07"
"2018-02-25 14:30:00","8.0677966954e+06","5.2266329963e+07"
"2018-02-25 14:31:00","8.2658451619e+06","5.8012563358e+07"
"2018-02-25 14:32:00","8.0019894477e+06","5.7624490818e+07"
"2018-02-25 14:33:00","5.3724270705e+06","5.9355252619e+07"
"2018-02-25 14:34:00","6.8583944356e+06","5.9872047138e+07"
"2018-02-25 14:35:00","8.0689071200e+06","5.5453635471e+07"
"2018-02-25 14:36:00","9.3431652000e+06","4.6430282289e+07"
"2018-02-25 14:37:00","1.0481351173e+07","5.1891896569e+07"
"2018-02-25 14:38:00","1.0334574859e+07","5.9466330454e+07"
"2018-02-25 14:39:00","7.8724771622e+06","5.3326261471e+07"
"2018-02-25 14:40:00","8.2864717297e+06","4.8846311408e+07"
"2018-02-25 14:41:00","7.8350460573e+06","5.7861767661e+07"
"2018-02-25 14:42:00","7.0360362087e+06","5.7079617541e+07"
"2018-02-25 14:43:00","8.7860139696e+06","6.3276309118e+07"
"2018-02-25 14:44:00","7.7261448844e+06","5.3967327347e+07"
"2018-02-25 14:45:00","6.5144563511e+06","4.5609554867e+07"
"2018-02-25 14:46:00","7.1683639733e+06","5.3579977356e+07"
"2018-02-25 14:47:00","1.1069107116e+07","4.2835360436e+07"
"2018-02-25 14:48:00","1.3102414502e+07","5.0571188356e+07"
"2018-02-25 14:49:00","1.1547059436e+07","5.1381886667e+07"
"2018-02-25 14:50:00","1.1244321022e+07","4.3792905916e+07"
"2018-02-25 14:51:00","1.1176765871e+07","5.6049590715e+07"
"2018-02-25 14:52:00","1.0521641750e+07","5.3338528234e+07"
"2018-02-25 14:53:00","1.0659832695e+07","4.5832824575e+07"
"2018-02-25 14:54:00","1.1284032861e+07","4.2043892581e+07"
"2018-02-25 14:55:00","1.0727262334e+07","4.6773048230e+07"
"2018-02-25 14:56:00","1.0285098351e+07","4.4947875478e+07"
"2018-02-25 14:57:00","6.2926265333e+06","4.6051445329e+07"
"2018-02-25 14:58:00","6.2809096667e+06","4.6006153538e+07"
"2018-02-25 14:59:00","5.8325707200e+06","4.5178278676e+07"
"2018-02-25 15:00:00","5.2335942489e+06","4.3896299560e+07"
"2018-02-25 15:01:00","6.6626028489e+06","5.2359584204e+07"
"2018-02-25 15:02:00","6.5555744000e+06","4.8869049747e+07"
"2018-02-25 15:03:00","6.5598300400e+06","5.3059082987e+07"
"2018-02-25 15:04:00","7.3992556533e+06","6.0088731671e+07"
"2018-02-25 15:05:00","5.7330187111e+06","4.7324014458e+07"
"2018-02-25 15:06:00","5.8878334978e+06","4.6840969124e+07"
"2018-02-25 15:07:00","5.6836479378e+06","4.8709516342e+07"
"2018-02-25 15:08:00","7.4801349067e+06","6.2397331093e+07"
"2018-02-25 15:09:00","8.4813391867e+06","6.8490167053e+07"
"2018-02-25 15:10:00","7.5451300089e+06","5.3805110107e+07"
"2018-02-25 15:11:00","6.4060401822e+06","5.8803261440e+07"
"2018-02-25 15:12:00","7.6354821822e+06","5.6492090973e+07"
"2018-02-25 15:13:00","6.9298995200e+06","5.0937697644e+07"
"2018-02-25 15:14:00","7.0663113244e+06","6.1095878093e+07"
"2018-02-25 15:15:00","7.8522322044e+06","6.6824514769e+07"
"2018-02-25 15:16:00","7.0481611111e+06","6.2997919938e+07"
"2018-02-25 15:17:00","6.4572232178e+06","6.2164076898e+07"
"2018-02-25 15:18:00","7.6071564089e+06","5.5274412569e+07"
"2018-02-25 15:19:00","6.3172767334e+06","6.2904918250e+07"
"2018-02-25 15:20:00","6.0614755496e+06","5.8752668406e+07"
"2018-02-25 15:21:00","6.4848354859e+06","5.5871135970e+07"
"2018-02-25 15:22:00","6.6399469600e+06","4.6173100516e+07"
"2018-02-25 15:23:00","6.3542404800e+06","5.1589953360e+07"
"2018-02-25 15:24:00","6.2210805111e+06","5.0071644129e+07"
"2018-02-25 15:25:00","7.6318632530e+06","4.5726200227e+07"
"2018-02-25 15:26:00","6.6223082193e+06","4.1188752386e+07"
"2018-02-25 15:27:00","6.7001106033e+06","4.3752516400e+07"
"2018-02-25 15:28:00","7.0213761200e+06","5.3655113796e+07"
"2018-02-25 15:29:00","6.9655330356e+06","5.5780943222e+07"
"2018-02-25 15:30:00","7.7164340670e+06","6.2302948571e+07"
"2018-02-25 15:31:00","7.4596663075e+06","6.2265687847e+07"
"2018-02-25 15:32:00","7.0002273061e+06","5.9271136221e+07"
"2018-02-25 15:33:00","7.3566837278e+06","6.2980975731e+07"
"2018-02-25 15:34:00","6.5633235427e+06","6.4992701568e+07"
"2018-02-25 15:35:00","7.3239446978e+06","8.0226942951e+07"
"2018-02-25 15:36:00","8.2893861289e+06","7.7653945840e+07"
"2018-02-25 15:37:00","7.7024982311e+06","7.4115661151e+07"
"2018-02-25 15:38:00","7.5549475067e+06","7.8687821151e+07"
"2018-02-25 15:39:00","9.4576497867e+06","6.6166894049e+07"
"2018-02-25 15:40:00","1.0820362960e+07","7.4734003698e+07"
"2018-02-25 15:41:00","9.2810902578e+06","7.7977643836e+07"
"2018-02-25 15:42:00","7.7285492311e+06","7.7050317778e+07"
"2018-02-25 15:43:00","7.1349446711e+06","6.3725925556e+07"
"2018-02-25 15:44:00","6.4862127200e+06","7.7051549582e+07"
"2018-02-25 15:45:00","5.9817878667e+06","6.1289423182e+07"
"2018-02-25 15:46:00","6.5147152356e+06","6.1829947538e+07"
"2018-02-25 15:47:00","6.1798305556e+06","5.2521343498e+07"
"2018-02-25 15:48:00","5.8942847422e+06","6.4602041653e+07"
"2018-02-25 15:49:00","6.6219605733e+06","5.6863539996e+07"
"2018-02-25 15:50:00","6.1380673644e+06","5.8617983711e+07"
"2018-02-25 15:51:00","6.5393911156e+06","5.7937714400e+07"
"2018-02-25 15:52:00","6.8663885733e+06","7.0204003484e+07"
"2018-02-25 15:53:00","6.2432226578e+06","7.3410074493e+07"
"2018-02-25 15:54:00","5.9347798933e+06","6.9698157093e+07"
"2018-02-25 15:55:00","6.8670362000e+06","5.9837001542e+07"
"2018-02-25 15:56:00","7.2359353333e+06","5.9968912240e+07"
"2018-02-25 15:57:00","6.8358406489e+06","6.3096354169e+07"
"2018-02-25 15:58:00","6.0574061067e+06","5.8011098787e+07"
"2018-02-25 15:59:00","6.8972317689e+06","6.6200137249e+07"
"2018-02-25 16:00:00","6.7951247028e+06","7.2131908174e+07"
"2018-02-25 16:01:00","6.3656497103e+06","7.9005767065e+07"
"2018-02-25 16:02:00","6.0366021202e+06","7.7166452623e+07"
"2018-02-25 16:03:00","6.5047380222e+06","7.9454673884e+07"
"2018-02-25 16:04:00","7.0335113422e+06","8.1038099347e+07"
"2018-02-25 16:05:00","5.8914287200e+06","8.3509502218e+07"
"2018-02-25 16:06:00","6.4005175378e+06","8.0311108751e+07"
"2018-02-25 16:07:00","6.0965084933e+06","6.7588960991e+07"
"2018-02-25 16:08:00","5.8727993111e+06","6.1367992124e+07"
"2018-02-25 16:09:00","5.5841466444e+06","6.8992873476e+07"
"2018-02-25 16:10:00","5.6510096044e+06","5.9349962787e+07"
"2018-02-25 16:11:00","5.4307170667e+06","6.5142740360e+07"
"2018-02-25 16:12:00","5.9817500489e+06","6.3008402142e+07"
"2018-02-25 16:13:00","6.0539710400e+06","5.9535024004e+07"
"2018-02-25 16:14:00","6.2944066178e+06","6.1872910036e+07"
"2018-02-25 16:15:00","6.8502147244e+06","5.3147299960e+07"
"2018-02-25 16:16:00","6.8005157956e+06","5.4585399751e+07"
"2018-02-25 16:17:00","7.0736519644e+06","6.9659387093e+07"
"2018-02-25 16:18:00","6.1828993289e+06","6.0946844951e+07"
"2018-02-25 16:19:00","6.8822604444e+06","6.0862957849e+07"
"2018-02-25 16:20:00","6.7169451556e+06","6.6566936591e+07"
"2018-02-25 16:21:00","8.2933341733e+06","7.1148926836e+07"
"2018-02-25 16:22:00","7.4782981244e+06","6.3088552142e+07"
"2018-02-25 16:23:00","7.2709550622e+06","6.4778905204e+07"
"2018-02-25 16:24:00","6.9711389333e+06","7.0216118898e+07"
"2018-02-25 16:25:00","7.0107905422e+06","7.3160418938e+07"
"2018-02-25 16:26:00","7.3387805244e+06","5.8084143569e+07"
"2018-02-25 16:27:00","6.7842763911e+06","6.6306283787e+07"
"2018-02-25 16:28:00","6.5573620489e+06","6.5674985071e+07"
"2018-02-25 16:29:00","7.7659800978e+06","6.9874493858e+07"
"2018-02-25 16:30:00","6.7811183733e+06","7.2073166618e+07"
"2018-02-25 16:31:00","7.1064476400e+06","7.0212275507e+07"
"2018-02-25 16:32:00","6.9692045244e+06","7.4425911333e+07"
"2018-02-25 16:33:00","6.9747815733e+06","8.3538669111e+07"
"2018-02-25 16:34:00","6.0716762000e+06","8.4340822076e+07"
"2018-02-25 16:35:00","6.3145306222e+06","8.4071107649e+07"
"2018-02-25 16:36:00","7.2251797200e+06","8.3709746347e+07"
"2018-02-25 16:37:00","7.0251959733e+06","8.3399644058e+07"
"2018-02-25 16:38:00","7.8962640267e+06","6.3065475636e+07"
"2018-02-25 16:39:00","7.4866213689e+06","7.1745762747e+07"
"2018-02-25 16:40:00","6.6135454667e+06","6.5241640907e+07"
"2018-02-25 16:41:00","6.3208799467e+06","6.4141295311e+07"
"2018-02-25 16:42:00","6.4230165600e+06","7.0567906422e+07"
"2018-02-25 16:43:00","7.2068001467e+06","6.5129788276e+07"
"2018-02-25 16:44:00","5.9227187422e+06","5.8042814364e+07"
"2018-02-25 16:45:00","6.1804453778e+06","6.7318231942e+07"
"2018-02-25 16:46:00","7.5601606178e+06","7.7654281573e+07"
"2018-02-25 16:47:00","6.1082040133e+06","7.8426498498e+07"
"2018-02-25 16:48:00","8.1433368000e+06","6.4996219080e+07"
"2018-02-25 16:49:00","8.1869195778e+06","7.0676735462e+07"
"2018-02-25 16:50:00","7.9137924356e+06","8.3721264667e+07"
"2018-02-25 16:51:00","7.6585403289e+06","7.2100909644e+07"
"2018-02-25 16:52:00","6.8695566489e+06","7.2424919120e+07"
"2018-02-25 16:53:00","7.1839412178e+06","6.9919334924e+07"
"2018-02-25 16:54:00","6.8653397434e+06","7.0214058274e+07"
"2018-02-25 16:55:00","6.6909407954e+06","7.1922025873e+07"
"2018-02-25 16:56:00","7.7384163413e+06","6.7656809203e+07"
"2018-02-25 16:57:00","7.9560992259e+06","6.6918365468e+07"
"2018-02-25 16:58:00","7.4094877961e+06","6.5655506867e+07"
"2018-02-25 16:59:00","6.2441388356e+06","5.9337970627e+07"
"2018-02-25 17:00:00","6.6630312356e+06","5.8867570529e+07"
"2018-02-25 17:01:00","6.4712140133e+06","5.6124764511e+07"
"2018-02-25 17:02:00","6.2092234133e+06","5.7917360338e+07"
"2018-02-25 17:03:00","6.6530043333e+06","7.2897597053e+07"
"2018-02-25 17:04:00","7.7431464889e+06","6.6949972222e+07"
"2018-02-25 17:05:00","9.9302612711e+06","7.1575358418e+07"
"2018-02-25 17:06:00","1.0898469400e+07","6.1529996991e+07"
"2018-02-25 17:07:00","9.0157076533e+06","6.2419605707e+07"
"2018-02-25 17:08:00","8.1952011511e+06","5.7244584476e+07"
"2018-02-25 17:09:00","8.9862625822e+06","6.6091257191e+07"
"2018-02-25 17:10:00","8.7189531244e+06","6.1006861431e+07"
"2018-02-25 17:11:00","7.6561122044e+06","6.1481910951e+07"
"2018-02-25 17:12:00","7.1628330267e+06","5.8587124969e+07"
"2018-02-25 17:13:00","8.8816706966e+06","6.3582645718e+07"
"2018-02-25 17:14:00","8.3358430734e+06","5.9681308836e+07"
"2018-02-25 17:15:00","7.0774827011e+06","6.6217226281e+07"
"2018-02-25 17:16:00","6.8979713200e+06","6.3558176862e+07"
"2018-02-25 17:17:00","7.9292618489e+06","7.3074836982e+07"
"2018-02-25 17:18:00","7.3247621467e+06","6.1058595667e+07"
"2018-02-25 17:19:00","7.0473786003e+06","6.5208093247e+07"
"2018-02-25 17:20:00","8.2314265043e+06","6.9047920228e+07"
"2018-02-25 17:21:00","8.8317197976e+06","6.9897036391e+07"
"2018-02-25 17:22:00","6.9954892400e+06","6.5844581662e+07"
"2018-02-25 17:23:00","7.0165963289e+06","5.9882294569e+07"
"2018-02-25 17:24:00","7.0825304178e+06","5.8759133444e+07"
"2018-02-25 17:25:00","7.3245507156e+06","7.6512775569e+07"
"2018-02-25 17:26:00","6.9973074444e+06","5.6418897009e+07"
"2018-02-25 17:27:00","7.1120720533e+06","5.2846818893e+07"
"2018-02-25 17:28:00","7.3889028622e+06","6.4268778027e+07"
"2018-02-25 17:29:00","7.2581331556e+06","7.1388775049e+07"
"2018-02-25 17:30:00","8.9983120475e+06","7.6174354114e+07"
"2018-02-25 17:31:00","8.7184131087e+06","8.0176981242e+07"
"2018-02-25 17:32:00","7.9989108660e+06","7.8613280297e+07"
"2018-02-25 17:33:00","7.4011336622e+06","7.6252442947e+07"
"2018-02-25 17:34:00","7.2800639556e+06","7.2696341400e+07"
"2018-02-25 17:35:00","6.6817010133e+06","7.3163207382e+07"
"2018-02-25 17:36:00","6.5037254844e+06","7.3025126040e+07"
"2018-02-25 17:37:00","6.6184286844e+06","6.9097140982e+07"
"2018-02-25 17:38:00","6.8744588844e+06","7.4459081382e+07"
"2018-02-25 17:39:00","7.8694140335e+06","7.6028478350e+07"
"2018-02-25 17:40:00","7.6191062772e+06","6.8921304404e+07"
"2018-02-25 17:41:00","6.6505322670e+06","7.1403625241e+07"
"2018-02-25 17:42:00","6.9353056000e+06","7.7796736640e+07"
"2018-02-25 17:43:00","7.1358784889e+06","8.4151764164e+07"
"2018-02-25 17:44:00","7.1214013333e+06","7.9139328538e+07"
"2018-02-25 17:45:00","6.5000994800e+06","7.6979228978e+07"
"2018-02-25 17:46:00","6.7885308533e+06","7.7056390307e+07"
"2018-02-25 17:47:00","7.4496341422e+06","7.8287907876e+07"
"2018-02-25 17:48:00","6.9211888400e+06","7.8829964640e+07"
"2018-02-25 17:49:00","7.5431227156e+06","8.3325891102e+07"
"2018-02-25 17:50:00","7.3952357867e+06","8.4384376604e+07"
"2018-02-25 17:51:00","8.0039276978e+06","8.4711562818e+07"
"2018-02-25 17:52:00","8.0817128999e+06","8.0830725676e+07"
"2018-02-25 17:53:00","7.2718236134e+06","8.4833702009e+07"
"2018-02-25 17:54:00","7.0897932851e+06","8.3383296878e+07"
"2018-02-25 17:55:00","7.1525518326e+06","8.2465628139e+07"
"2018-02-25 17:56:00","8.6944265867e+06","8.4912107844e+07"
"2018-02-25 17:57:00","8.9593675956e+06","8.4740184120e+07"
"2018-02-25 17:58:00","9.3137127067e+06","7.9981836164e+07"
"2018-02-25 17:59:00","9.2992242533e+06","7.1378841058e+07"
"2018-02-25 18:00:00","9.5517546000e+06","6.3021286138e+07"
"2018-02-25 18:01:00","9.0545396356e+06","6.6033255636e+07"
"2018-02-25 18:02:00","8.9164015067e+06","6.9208878587e+07"
"2018-02-25 18:03:00","9.8286902578e+06","7.1280798524e+07"
"2018-02-25 18:04:00","9.4366303556e+06","7.0490795178e+07"
"2018-02-25 18:05:00","8.8849365644e+06","7.7346327289e+07"
"2018-02-25 18:06:00","9.0399958356e+06","8.3189375204e+07"
"2018-02-25 18:07:00","8.8468701689e+06","6.9617478409e+07"
"2018-02-25 18:08:00","8.5592489511e+06","7.0484668702e+07"
"2018-02-25 18:09:00","8.5714359244e+06","7.5997210947e+07"
"2018-02-25 18:10:00","9.9198042756e+06","7.7439616667e+07"
"2018-02-25 18:11:00","8.9866130044e+06","7.2556727791e+07"
"2018-02-25 18:12:00","9.1031715956e+06","7.6324230902e+07"
"2018-02-25 18:13:00","1.0359270476e+07","8.0374518418e+07"
"2018-02-25 18:14:00","1.0406894796e+07","8.2006473871e+07"
"2018-02-25 18:15:00","8.0585409244e+06","8.2951982898e+07"
"2018-02-25 18:16:00","8.2972234489e+06","8.0051367187e+07"
"2018-02-25 18:17:00","8.4636458000e+06","7.9982202916e+07"
"2018-02-25 18:18:00","8.5399644356e+06","8.2385828191e+07"
"2018-02-25 18:19:00","9.1175916863e+06","8.2339492234e+07"
"2018-02-25 18:20:00","8.3868759331e+06","8.1258902659e+07"
"2018-02-25 18:21:00","9.5633338251e+06","7.9097858481e+07"
"2018-02-25 18:22:00","1.0175834880e+07","8.1545224542e+07"
"2018-02-25 18:23:00","9.3852211511e+06","8.4423516222e+07"
"2018-02-25 18:24:00","8.9685103511e+06","7.8777360769e+07"
"2018-02-25 18:25:00","9.4042640089e+06","7.7527586138e+07"
"2018-02-25 18:26:00","9.3738452383e+06","8.1025130451e+07"
"2018-02-25 18:27:00","9.2187374591e+06","7.5853816895e+07"
"2018-02-25 18:28:00","8.4310024804e+06","7.3483814605e+07"
"2018-02-25 18:29:00","8.1908387378e+06","7.8825977680e+07"
"2018-02-25 18:30:00","8.4466503333e+06","8.0772743916e+07"
"2018-02-25 18:31:00","8.6558303422e+06","7.6644286107e+07"
"2018-02-25 18:32:00","8.9644123778e+06","6.7703863684e+07"
"2018-02-25 18:33:00","1.0048468538e+07","7.5389289444e+07"
"2018-02-25 18:34:00","8.1467656667e+06","8.0895375004e+07"
"2018-02-25 18:35:00","7.4620206356e+06","8.2859458498e+07"
"2018-02-25 18:36:00","7.3521651422e+06","7.6583537098e+07"
"2018-02-25 18:37:00","7.5944661689e+06","8.1393269698e+07"
"2018-02-25 18:38:00","7.6596946178e+06","7.3507919409e+07"
"2018-02-25 18:39:00","7.4421552971e+06","8.0344272805e+07"
"2018-02-25 18:40:00","8.4777101019e+06","7.2570986074e+07"
"2018-02-25 18:41:00","7.8826640855e+06","7.8998983610e+07"
"2018-02-25 18:42:00","7.4775734089e+06","7.7193095036e+07"
"2018-02-25 18:43:00","7.3111478578e+06","8.2069552773e+07"
"2018-02-25 18:44:00","7.4829089244e+06","8.3224204680e+07"
"2018-02-25 18:45:00","7.5399736978e+06","8.3547328338e+07"
"2018-02-25 18:46:00","8.4892010178e+06","8.3375205404e+07"
"2018-02-25 18:47:00","9.1724993867e+06","8.4193129209e+07"
"2018-02-25 18:48:00","7.9796921200e+06","8.3850272280e+07"
"2018-02-25 18:49:00","8.7789583644e+06","8.4409920578e+07"
"2018-02-25 18:50:00","7.1590822667e+06","8.4862619182e+07"
"2018-02-25 18:51:00","7.6539265822e+06","8.4740684782e+07"
"2018-02-25 18:52:00","7.3867396178e+06","8.4683715324e+07"
"2018-02-25 18:53:00","7.3064643244e+06","8.4572745613e+07"
"2018-02-25 18:54:00","7.1881276578e+06","8.0224798084e+07"
"2018-02-25 18:55:00","7.5209603867e+06","6.9416556618e+07"
"2018-02-25 18:56:00","7.3715618129e+06","7.3673113261e+07"
"2018-02-25 18:57:00","9.1730666042e+06","7.9093267672e+07"
"2018-02-25 18:58:00","8.8609117030e+06","7.9763978929e+07"
"2018-02-25 18:59:00","8.1735318311e+06","8.4144393129e+07"
"2018-02-25 19:00:00","7.8760669289e+06","8.4514920204e+07"
"2018-02-25 19:01:00","7.1390765244e+06","7.8702421969e+07"
"2018-02-25 19:02:00","7.3618779733e+06","8.2824973929e+07"
"2018-02-25 19:03:00","7.1350790089e+06","8.4761699107e+07"
"2018-02-25 19:04:00","6.8626864711e+06","8.0224640711e+07"
"2018-02-25 19:05:00","7.5295700400e+06","7.4499909071e+07"
"2018-02-25 19:06:00","7.1212030222e+06","8.3699480244e+07"
"2018-02-25 19:07:00","6.7258611867e+06","8.4893478711e+07"
"2018-02-25 19:08:00","6.2080381156e+06","8.3513623222e+07"
"2018-02-25 19:09:00","7.4972578889e+06","8.4905455507e+07"
"2018-02-25 19:10:00","7.8417462133e+06","8.4997104342e+07"
"2018-02-25 19:11:00","1.2774623236e+07","8.5026927142e+07"
"2018-02-25 19:12:00","1.5560412320e+07","8.4996315578e+07"
"2018-02-25 19:13:00","1.4439545484e+07","8.4924359676e+07"
"2018-02-25 19:14:00","1.2252479236e+07","8.5016525729e+07"
"2018-02-25 19:15:00","6.1072258578e+06","8.4807875338e+07"
"2018-02-25 19:16:00","5.8607116400e+06","8.5014044862e+07"
"2018-02-25 19:17:00","6.0451238400e+06","8.5002566702e+07"
"2018-02-25 19:18:00","6.2376598933e+06","8.4889331333e+07"
"2018-02-25 19:19:00","6.0729463022e+06","8.4953314738e+07"
"2018-02-25 19:20:00","6.6250492800e+06","8.3304399058e+07"
"2018-02-25 19:21:00","7.1651684356e+06","8.3891960227e+07"
"2018-02-25 19:22:00","7.7008754978e+06","8.3896194089e+07"
"2018-02-25 19:23:00","8.4187509067e+06","8.1907724911e+07"
"2018-02-25 19:24:00","8.8001034800e+06","7.1616224969e+07"
"2018-02-25 19:25:00","8.7845458844e+06","7.4998538907e+07"
"2018-02-25 19:26:00","8.9262830978e+06","8.0191358076e+07"
"2018-02-25 19:27:00","8.5074295689e+06","7.7759088924e+07"
"2018-02-25 19:28:00","8.5140239156e+06","8.3404556680e+07"
"2018-02-25 19:29:00","7.7380262889e+06","8.3797078458e+07"
"2018-02-25 19:30:00","7.8280568533e+06","8.5012882751e+07"
"2018-02-25 19:31:00","7.6187217511e+06","8.5018993627e+07"
"2018-02-25 19:32:00","6.8917291772e+06","8.6415636376e+07"
"2018-02-25 19:33:00","7.3085170416e+06","8.3440470933e+07"
"2018-02-25 19:34:00","7.1259767234e+06","8.4920191340e+07"
"2018-02-25 19:35:00","7.0534120133e+06","8.5070263893e+07"
"2018-02-25 19:36:00","8.0590566400e+06","8.4991245511e+07"
"2018-02-25 19:37:00","8.3647914978e+06","8.5008913738e+07"
"2018-02-25 19:38:00","8.3667427911e+06","8.5036692756e+07"
"2018-02-25 19:39:00","8.6017040311e+06","8.5001206778e+07"
"2018-02-25 19:40:00","8.3034068797e+06","8.6442364254e+07"
"2018-02-25 19:41:00","9.0156428924e+06","8.2135976386e+07"
"2018-02-25 19:42:00","1.0369054286e+07","7.9627165565e+07"
"2018-02-25 19:43:00","9.7464880151e+06","7.8063366400e+07"
"2018-02-25 19:44:00","9.2868026172e+06","7.6545002803e+07"
"2018-02-25 19:45:00","7.6958357410e+06","8.3194793935e+07"
"2018-02-25 19:46:00","8.3122419244e+06","8.3942910262e+07"
"2018-02-25 19:47:00","7.6383629445e+06","8.6165367885e+07"
"2018-02-25 19:48:00","8.2950758010e+06","8.3269392357e+07"
"2018-02-25 19:49:00","8.0467866278e+06","8.2030177874e+07"
"2018-02-25 19:50:00","8.7211975022e+06","8.0464747809e+07"
"2018-02-25 19:51:00","7.9850140711e+06","8.3567451569e+07"
"2018-02-25 19:52:00","7.9827882978e+06","8.4342833564e+07"
"2018-02-25 19:53:00","7.6373424311e+06","8.4644324756e+07"
"2018-02-25 19:54:00","8.0023838267e+06","8.4987465133e+07"
"2018-02-25 19:55:00","7.1926872267e+06","8.4026782516e+07"
"2018-02-25 19:56:00","8.4480223467e+06","8.1564731911e+07"
"2018-02-25 19:57:00","8.4326914533e+06","8.3995788013e+07"
"2018-02-25 19:58:00","7.9263792444e+06","8.2278269427e+07"
"2018-02-25 19:59:00","7.6953292489e+06","8.4912846631e+07"
"2018-02-25 20:00:00","6.6148760178e+06","8.4949277480e+07"
"2018-02-25 20:01:00","7.2912677822e+06","8.4923503373e+07"
"2018-02-25 20:02:00","8.3079473697e+06","8.6364921432e+07"
"2018-02-25 20:03:00","8.3456242497e+06","8.3358780174e+07"
"2018-02-25 20:04:00","7.4125996872e+06","8.3058008230e+07"
"2018-02-25 20:05:00","7.5164992311e+06","8.2961860844e+07"
"2018-02-25 20:06:00","7.3186062311e+06","8.2649366227e+07"
"2018-02-25 20:07:00","8.0791380133e+06","8.4969258013e+07"
"2018-02-25 20:08:00","7.6930322178e+06","8.5011229231e+07"
"2018-02-25 20:09:00","8.0356136089e+06","8.5087924356e+07"
"2018-02-25 20:10:00","7.6134029867e+06","8.4955018400e+07"
"2018-02-25 20:11:00","7.6451423422e+06","8.5060820680e+07"
"2018-02-25 20:12:00","7.7267555733e+06","8.5081914911e+07"
"2018-02-25 20:13:00","7.8097754400e+06","8.5066447511e+07"
"2018-02-25 20:14:00","7.8163498000e+06","8.5135456093e+07"
"2018-02-25 20:15:00","7.9467796243e+06","8.6526640466e+07"
"2018-02-25 20:16:00","7.3709042933e+06","8.3754990375e+07"
"2018-02-25 20:17:00","7.5221772914e+06","8.4460084261e+07"
"2018-02-25 20:18:00","7.6550971911e+06","8.5106948493e+07"
"2018-02-25 20:19:00","7.7786628267e+06","8.5119119920e+07"
"2018-02-25 20:20:00","8.6869937784e+06","8.6493376451e+07"
"2018-02-25 20:21:00","8.5820733453e+06","8.3607890636e+07"
"2018-02-25 20:22:00","8.9747819786e+06","8.5076566277e+07"
"2018-02-25 20:23:00","9.0636316489e+06","8.5140065040e+07"
"2018-02-25 20:24:00","9.6189257778e+06","8.5030817471e+07"
"2018-02-25 20:25:00","7.9077027511e+06","8.5104336502e+07"
"2018-02-25 20:26:00","7.8842213600e+06","8.4990482836e+07"
"2018-02-25 20:27:00","7.3231111200e+06","8.4920983449e+07"
"2018-02-25 20:28:00","7.4050516533e+06","8.4289436164e+07"
"2018-02-25 20:29:00","7.4981534724e+06","8.6257880777e+07"
"2018-02-25 20:30:00","7.1861425286e+06","8.3663592237e+07"
"2018-02-25 20:31:00","6.9826027233e+06","8.6381714221e+07"
"2018-02-25 20:32:00","6.8454564133e+06","8.3707074043e+07"
"2018-02-25 20:33:00","8.2261833449e+06","8.6395176463e+07"
"2018-02-25 20:34:00","9.5827976190e+06","8.3713211091e+07"
"2018-02-25 20:35:00","1.2759016098e+07","8.5043039638e+07"
"2018-02-25 20:36:00","1.8138386599e+07","8.6500161515e+07"
"2018-02-25 20:37:00","1.0792581403e+07","8.3741914928e+07"
"2018-02-25 20:38:00","9.9292841668e+06","8.5071638197e+07"
"2018-02-25 20:39:00","1.1718319133e+07","8.5101311151e+07"
"2018-02-25 20:40:00","1.1224839316e+07","8.5109548627e+07"
"2018-02-25 20:41:00","1.7571668258e+07","8.5118170422e+07"
"2018-02-25 20:42:00","1.5294610529e+07","8.5099373524e+07"
"2018-02-25 20:43:00","2.1018190591e+07","8.5088517907e+07"
"2018-02-25 20:44:00","8.6197937733e+06","8.5117082876e+07"
"2018-02-25 20:45:00","1.3514638529e+07","8.5112650427e+07"
"2018-02-25 20:46:00","1.9406192733e+07","8.5115755667e+07"
"2018-02-25 20:47:00","1.6489881751e+07","8.5091833227e+07"
"2018-02-25 20:48:00","9.0697682800e+06","8.5126169027e+07"
"2018-02-25 20:49:00","7.5521906756e+06","8.5082015933e+07"
"2018-02-25 20:50:00","6.4814310267e+06","8.5098843529e+07"
"2018-02-25 20:51:00","6.3884050133e+06","8.5122845676e+07"
"2018-02-25 20:52:00","6.2132827333e+06","8.5125011889e+07"
"2018-02-25 20:53:00","6.5133226392e+06","8.6484297431e+07"
"2018-02-25 20:54:00","6.3917994813e+06","8.3463328037e+07"
"2018-02-25 20:55:00","5.9747026114e+06","8.6443408051e+07"
"2018-02-25 20:56:00","5.6595692050e+06","8.3815257879e+07"
"2018-02-25 20:57:00","6.6194951520e+06","8.5094799535e+07"
"2018-02-25 20:58:00","7.1489496747e+06","8.6586222848e+07"
"2018-02-25 20:59:00","6.9784846728e+06","8.3903337385e+07"
"2018-02-25 21:00:00","7.1493057236e+06","8.5187024438e+07"
"2018-02-25 21:01:00","7.3983823156e+06","8.5123446209e+07"
"2018-02-25 21:02:00","7.5317730844e+06","8.5107580560e+07"
"2018-02-25 21:03:00","7.5794233956e+06","8.5134041058e+07"
"2018-02-25 21:04:00","7.8402213022e+06","8.5133987538e+07"
"2018-02-25 21:05:00","8.9822734844e+06","8.5143488160e+07"
"2018-02-25 21:06:00","7.4070460010e+06","8.6532715489e+07"
"2018-02-25 21:07:00","7.2537626724e+06","8.3753156385e+07"
"2018-02-25 21:08:00","7.1860124623e+06","8.1556831430e+07"
"2018-02-25 21:09:00","7.9608834438e+06","8.5485660970e+07"
"2018-02-25 21:10:00","8.0146943988e+06","8.2288846372e+07"
"2018-02-25 21:11:00","8.6353380395e+06","8.4014322777e+07"
"2018-02-25 21:12:00","8.9157206711e+06","8.4563720400e+07"
"2018-02-25 21:13:00","8.6319694222e+06","8.3864148569e+07"
"2018-02-25 21:14:00","8.4371925600e+06","8.4404842347e+07"
"2018-02-25 21:15:00","7.2350052667e+06","7.9791900711e+07"
"2018-02-25 21:16:00","7.5010940889e+06","7.0994847867e+07"
"2018-02-25 21:17:00","7.4536348844e+06","7.6893566036e+07"
"2018-02-25 21:18:00","7.9286523867e+06","8.2559637249e+07"
"2018-02-25 21:19:00","7.6088505867e+06","8.3343037689e+07"
"2018-02-25 21:20:00","7.6627481733e+06","8.1536142289e+07"
"2018-02-25 21:21:00","8.0409577644e+06","8.2331992631e+07"
"2018-02-25 21:22:00","8.5185420711e+06","8.3681367991e+07"
"2018-02-25 21:23:00","1.0121641053e+07","8.3823543213e+07"
"2018-02-25 21:24:00","1.0292706587e+07","8.2823434387e+07"
"2018-02-25 21:25:00","1.0570218298e+07","8.3877528507e+07"
"2018-02-25 21:26:00","1.1021165956e+07","8.4869897053e+07"
"2018-02-25 21:27:00","1.0176343080e+07","8.3023813791e+07"
"2018-02-25 21:28:00","9.7097198089e+06","8.4490425978e+07"
"2018-02-25 21:29:00","7.8492324889e+06","8.4125609996e+07"
"2018-02-25 21:30:00","9.3722096311e+06","8.4826075956e+07"
"2018-02-25 21:31:00","9.0500334356e+06","8.2700662538e+07"
"2018-02-25 21:32:00","9.2535017111e+06","8.3050793947e+07"
"2018-02-25 21:33:00","7.9481891022e+06","7.4619628462e+07"
"2018-02-25 21:34:00","9.1210752133e+06","8.0984318951e+07"
"2018-02-25 21:35:00","9.4087854178e+06","7.4721018316e+07"
"2018-02-25 21:36:00","9.3811875422e+06","6.1120531551e+07"
"2018-02-25 21:37:00","8.5924691437e+06","6.2907155572e+07"
"2018-02-25 21:38:00","8.2803346966e+06","6.7174941447e+07"
"2018-02-25 21:39:00","8.2810917375e+06","7.1973664478e+07"
"2018-02-25 21:40:00","8.3414516405e+06","7.0088119109e+07"
"2018-02-25 21:41:00","8.5214728756e+06","5.9639360635e+07"
"2018-02-25 21:42:00","1.0544135804e+07","5.6050723771e+07"
"2018-02-25 21:43:00","9.6848680165e+06","5.9475102073e+07"
"2018-02-25 21:44:00","1.0299847227e+07","5.9484255098e+07"
"2018-02-25 21:45:00","9.0958414547e+06","6.4646214691e+07"
"2018-02-25 21:46:00","9.8918570444e+06","7.0428153236e+07"
"2018-02-25 21:47:00","8.6758608311e+06","6.8792085089e+07"
"2018-02-25 21:48:00","7.3131938667e+06","6.4388167409e+07"
"2018-02-25 21:49:00","7.0667863600e+06","6.2147236107e+07"
"2018-02-25 21:50:00","5.7008865778e+06","5.8222196636e+07"
"2018-02-25 21:51:00","5.7557362000e+06","5.0810697182e+07"
"2018-02-25 21:52:00","5.7805105200e+06","5.6226368631e+07"
"2018-02-25 21:53:00","5.7464137831e+06","5.2834031090e+07"
"2018-02-25 21:54:00","5.4802177359e+06","4.7510917141e+07"
"2018-02-25 21:55:00","6.4899177476e+06","5.3232309662e+07"
"2018-02-25 21:56:00","6.7126013244e+06","5.0498733387e+07"
"2018-02-25 21:57:00","6.3324467778e+06","5.3475247524e+07"
"2018-02-25 21:58:00","7.1689535216e+06","4.9536667897e+07"
"2018-02-25 21:59:00","9.5486290439e+06","5.0210160727e+07"
"2018-02-25 22:00:00","6.9030603234e+06","6.2387319256e+07"
"2018-02-25 22:01:00","5.9190287467e+06","6.5704813831e+07"
"2018-02-25 22:02:00","5.0979995200e+06","5.5040338378e+07"
"2018-02-25 22:03:00","3.8917307067e+06","5.2063084009e+07"
"2018-02-25 22:04:00","4.1514194267e+06","5.2090431156e+07"
"2018-02-25 22:05:00","4.8705671999e+06","5.6733985093e+07"
"2018-02-25 22:06:00","5.5583844023e+06","5.6725014960e+07"
"2018-02-25 22:07:00","4.5691359933e+06","5.3648644463e+07"
"2018-02-25 22:08:00","5.0285337200e+06","5.6785174280e+07"
"2018-02-25 22:09:00","5.0457635422e+06","5.5195751364e+07"
"2018-02-25 22:10:00","4.9726424533e+06","4.6657702347e+07"
"2018-02-25 22:11:00","4.9705637911e+06","4.5792696356e+07"
"2018-02-25 22:12:00","5.0990321822e+06","4.6030209422e+07"
"2018-02-25 22:13:00","6.0270167378e+06","4.6838962524e+07"
"2018-02-25 22:14:00","5.0341721822e+06","4.4697477680e+07"
"2018-02-25 22:15:00","5.0909346533e+06","5.1869791933e+07"
"2018-02-25 22:16:00","5.0492803956e+06","4.9118069693e+07"
"2018-02-25 22:17:00","4.6550853600e+06","4.7712426800e+07"
"2018-02-25 22:18:00","4.5411436089e+06","4.2939213249e+07"
"2018-02-25 22:19:00","4.6484782222e+06","4.2962102338e+07"
"2018-02-25 22:20:00","4.8150587867e+06","4.1928257058e+07"
"2018-02-25 22:21:00","5.7508695289e+06","3.8506763347e+07"
"2018-02-25 22:22:00","5.3039745394e+06","3.7761473138e+07"
"2018-02-25 22:23:00","5.1105068493e+06","4.0242117272e+07"
"2018-02-25 22:24:00","4.9192084113e+06","3.7771928093e+07"
"2018-02-25 22:25:00","4.7619549022e+06","3.7878527716e+07"
"2018-02-25 22:26:00","5.3199541822e+06","3.9221792564e+07"
"2018-02-25 22:27:00","5.6308644978e+06","3.9169113551e+07"
"2018-02-25 22:28:00","4.4304103689e+06","3.7073895716e+07"
"2018-02-25 22:29:00","4.5226009822e+06","3.1747073693e+07"
"2018-02-25 22:30:00","5.4133085224e+06","4.7641483405e+07"
"2018-02-25 22:31:00","5.5760337898e+06","4.1319735066e+07"
"2018-02-25 22:32:00","7.0697124211e+06","4.2845296356e+07"
"2018-02-25 22:33:00","5.8776746933e+06","3.6946120680e+07"
"2018-02-25 22:34:00","4.4640281422e+06","3.0461277991e+07"
"2018-02-25 22:35:00","4.3320356711e+06","2.7375294551e+07"
"2018-02-25 22:36:00","4.1633520667e+06","2.8430787347e+07"
"2018-02-25 22:37:00","4.3385851909e+06","2.9396604784e+07"
"2018-02-25 22:38:00","3.7805037797e+06","2.6231644667e+07"
"2018-02-25 22:39:00","3.9873778135e+06","2.6065528325e+07"
"2018-02-25 22:40:00","4.6880198651e+06","3.0579051500e+07"
"2018-02-25 22:41:00","4.5378463089e+06","4.0840564026e+07"
"2018-02-25 22:42:00","4.2310672387e+06","3.8683487799e+07"
"2018-02-25 22:43:00","4.4790683365e+06","4.5160629254e+07"
"2018-02-25 22:44:00","4.9528458044e+06","4.1395271004e+07"
"2018-02-25 22:45:00","4.5547582622e+06","3.4421410329e+07"
"2018-02-25 22:46:00","4.3963563822e+06","3.0811113071e+07"
"2018-02-25 22:47:00","4.3617637467e+06","3.7580465751e+07"
"2018-02-25 22:48:00","4.3490898089e+06","3.2569150960e+07"
"2018-02-25 22:49:00","4.2466812089e+06","3.0383283520e+07"
"2018-02-25 22:50:00","4.0942484756e+06","3.1490589644e+07"
"2018-02-25 22:51:00","4.0344821067e+06","3.2819082364e+07"
"2018-02-25 22:52:00","4.0071686178e+06","3.0063234138e+07"
"2018-02-25 22:53:00","3.8503138800e+06","2.9969644356e+07"
"2018-02-25 22:54:00","4.7808393156e+06","2.9308570644e+07"
"2018-02-25 22:55:00","3.9627172844e+06","2.9534271049e+07"
"2018-02-25 22:56:00","3.6528437244e+06","2.6949767236e+07"
"2018-02-25 22:57:00","4.0148503556e+06","3.6156695333e+07"
"2018-02-25 22:58:00","4.0573549422e+06","3.6193226618e+07"
"2018-02-25 22:59:00","4.1204180444e+06","3.9814306511e+07"
"2018-02-25 23:00:00","3.8985526978e+06","3.7387679587e+07"
"2018-02-25 23:01:00","4.1353656800e+06","4.3493321800e+07"
"2018-02-25 23:02:00","3.8802551511e+06","3.6644501236e+07"
"2018-02-25 23:03:00","4.0903421834e+06","3.4194775614e+07"
"2018-02-25 23:04:00","3.7416147322e+06","3.9646650448e+07"
"2018-02-25 23:05:00","3.7246440311e+06","3.7329037969e+07"
"2018-02-25 23:06:00","3.8303637600e+06","3.9450400253e+07"
"2018-02-25 23:07:00","3.6546766000e+06","3.5487942053e+07"
"2018-02-25 23:08:00","3.4150405911e+06","3.4437030987e+07"
"2018-02-25 23:09:00","3.2017125511e+06","3.5507559093e+07"
"2018-02-25 23:10:00","3.2127295085e+06","3.5359458704e+07"
"2018-02-25 23:11:00","3.5920690915e+06","3.3027890132e+07"
"2018-02-25 23:12:00","3.7898914800e+06","3.0897208182e+07"
"2018-02-25 23:13:00","4.0177115911e+06","2.9383481876e+07"
"2018-02-25 23:14:00","4.0744717956e+06","3.1702892169e+07"
"2018-02-25 23:15:00","4.9505843111e+06","2.9804839907e+07"
"2018-02-25 23:16:00","8.0029640622e+06","2.7231021778e+07"
"2018-02-25 23:17:00","8.9116450063e+06","3.1146160507e+07"
"2018-02-25 23:18:00","3.8451655263e+06","2.7272710538e+07"
"2018-02-25 23:19:00","3.8944720407e+06","3.5113495347e+07"
"2018-02-25 23:20:00","4.2087261467e+06","2.5194309182e+07"
"2018-02-25 23:21:00","4.3616869507e+06","2.8574479412e+07"
"2018-02-25 23:22:00","3.8127489270e+06","2.9424195128e+07"
"2018-02-25 23:23:00","6.4049240835e+06","2.6768688122e+07"
"2018-02-25 23:24:00","3.5919473510e+06","3.3691844854e+07"
"2018-02-25 23:25:00","2.6126644523e+06","3.3137639509e+07"
"2018-02-25 23:26:00","3.5240457599e+06","3.6174500575e+07"
"2018-02-25 23:27:00","2.5665541244e+06","2.8170029018e+07"
"2018-02-25 23:28:00","2.8492420444e+06","2.9551659111e+07"
"2018-02-25 23:29:00","3.4871301600e+06","3.5419583147e+07"
"2018-02-25 23:30:00","6.3362931644e+06","3.9263007849e+07"
"2018-02-25 23:31:00","3.3468152978e+06","3.3654325973e+07"
"2018-02-25 23:32:00","2.7694645733e+06","3.4821365360e+07"
"2018-02-25 23:33:00","2.6543817733e+06","3.1873280111e+07"
"2018-02-25 23:34:00","2.5257411511e+06","3.2758802533e+07"
"2018-02-25 23:35:00","2.3905763467e+06","3.0137753418e+07"
"2018-02-25 23:36:00","2.2351107644e+06","3.2693275938e+07"
"2018-02-25 23:37:00","2.8082046489e+06","3.4732428209e+07"
"2018-02-25 23:38:00","2.5594111200e+06","3.0739677080e+07"
"2018-02-25 23:39:00","3.4716487867e+06","2.8905964511e+07"
"2018-02-25 23:40:00","2.5722782356e+06","3.2429408791e+07"
"2018-02-25 23:41:00","2.4239824578e+06","3.1205916813e+07"
"2018-02-25 23:42:00","2.3953609289e+06","2.8985574267e+07"
"2018-02-25 23:43:00","2.2860129511e+06","3.0137547880e+07"
"2018-02-25 23:44:00","2.2484609511e+06","2.9057935707e+07"
"2018-02-25 23:45:00","2.4369724841e+06","3.1369820515e+07"
"2018-02-25 23:46:00","2.2792919984e+06","3.2801899311e+07"
"2018-02-25 23:47:00","2.0787741619e+06","2.6951943943e+07"
"2018-02-25 23:48:00","2.1069018933e+06","3.0321553004e+07"
"2018-02-25 23:49:00","1.9991657911e+06","2.7260037373e+07"
"2018-02-25 23:50:00","2.3630626933e+06","4.1814384244e+07"
"2018-02-25 23:51:00","2.4854129867e+06","2.8173168916e+07"
"2018-02-25 23:52:00","3.7325236097e+06","2.8374032383e+07"
"2018-02-25 23:53:00","6.4628551088e+06","2.8032015403e+07"
"2018-02-25 23:54:00","3.8530116686e+06","2.9104898463e+07"
"2018-02-25 23:55:00","3.1751971488e+06","2.6521711858e+07"
"2018-02-25 23:56:00","3.2160623529e+06","2.5637933741e+07"
"2018-02-25 23:57:00","2.5396822578e+06","2.2872561991e+07"
"2018-02-25 23:58:00","2.4429775067e+06","2.0639925809e+07"
"2018-02-25 23:59:00","2.6863044978e+06","2.3334286084e+07"
"2018-02-26 00:00:00","2.9901510044e+06","2.8605965000e+07"
"2018-02-26 00:01:00","3.0345334489e+06","2.6102597724e+07"
"2018-02-26 00:02:00","3.0988477289e+06","2.3271573693e+07"
"2018-02-26 00:03:00","2.8718832978e+06","2.6289211364e+07"
"2018-02-26 00:04:00","2.8713956844e+06","2.8591971196e+07"
"2018-02-26 00:05:00","3.0060534444e+06","2.7063597403e+07"
"2018-02-26 00:06:00","2.5271777770e+06","2.8332524820e+07"
"2018-02-26 00:07:00","2.4473314007e+06","2.6021141110e+07"
"2018-02-26 00:08:00","2.5345914356e+06","2.6506308107e+07"
"2018-02-26 00:09:00","3.1033019867e+06","2.2296663156e+07"
"2018-02-26 00:10:00","3.0801460978e+06","2.3504915413e+07"
"2018-02-26 00:11:00","2.7066365156e+06","2.3303929956e+07"
"2018-02-26 00:12:00","2.3683530127e+06","2.1618710872e+07"
"2018-02-26 00:13:00","2.3975454265e+06","2.4047077564e+07"
"2018-02-26 00:14:00","3.2980863520e+06","2.7156171844e+07"
"2018-02-26 00:15:00","3.9804971111e+06","1.8742866249e+07"
"2018-02-26 00:16:00","2.2236274444e+06","1.9892956822e+07"
"2018-02-26 00:17:00","2.0287454044e+06","2.0952689520e+07"
"2018-02-26 00:18:00","1.8793653333e+06","2.2824509502e+07"
"2018-02-26 00:19:00","3.8400406267e+06","2.3205022236e+07"
"2018-02-26 00:20:00","2.7746677600e+06","2.1913889742e+07"
"2018-02-26 00:21:00","2.1890691333e+06","2.6113461347e+07"
"2018-02-26 00:22:00","2.2489281778e+06","2.1452461982e+07"
"2018-02-26 00:23:00","2.2208605022e+06","2.6337580076e+07"
"2018-02-26 00:24:00","2.7050528444e+06","2.3881093320e+07"
"2018-02-26 00:25:00","2.2391255867e+06","1.9291351613e+07"
"2018-02-26 00:26:00","2.2021719511e+06","1.8049571453e+07"
"2018-02-26 00:27:00","2.5947991156e+06","1.7778418164e+07"
"2018-02-26 00:28:00","2.4052717276e+06","1.3441295842e+07"
"2018-02-26 00:29:00","2.0069820091e+06","1.3179196165e+07"
"2018-02-26 00:30:00","2.5988179744e+06","1.0482956896e+07"
"2018-02-26 00:31:00","2.2769263911e+06","1.4585592360e+07"
"2018-02-26 00:32:00","2.0040785911e+06","1.3665812502e+07"
"2018-02-26 00:33:00","2.0207716173e+06","1.3273691117e+07"
"2018-02-26 00:34:00","1.9261678479e+06","1.2196021663e+07"
"2018-02-26 00:35:00","2.1661128903e+06","1.0383796762e+07"
"2018-02-26 00:36:00","1.9814030711e+06","1.0609909502e+07"
"2018-02-26 00:37:00","2.0102705022e+06","1.0183732582e+07"
"2018-02-26 00:38:00","2.3373776178e+06","9.6904541111e+06"
"2018-02-26 00:39:00","2.1105137200e+06","9.9069807733e+06"
"2018-02-26 00:40:00","2.1330040222e+06","7.5481539289e+06"
"2018-02-26 00:41:00","2.7719820347e+06","1.3665199493e+07"
"2018-02-26 00:42:00","2.1896701985e+06","1.0865756395e+07"
"2018-02-26 00:43:00","2.2070981135e+06","1.1638385868e+07"
"2018-02-26 00:44:00","2.1800056578e+06","1.1610109284e+07"
"2018-02-26 00:45:00","2.3512289333e+06","1.4325523498e+07"
"2018-02-26 00:46:00","3.8567892711e+06","1.6975236116e+07"
"2018-02-26 00:47:00","3.5857154642e+06","2.1647594103e+07"
"2018-02-26 00:48:00","3.3548297314e+06","2.0578644257e+07"
"2018-02-26 00:49:00","5.1929324877e+06","2.8147099490e+07"
"2018-02-26 00:50:00","3.1644734589e+06","2.8143901185e+07"
"2018-02-26 00:51:00","2.3065877200e+06","2.0380683089e+07"
"2018-02-26 00:52:00","2.1792081067e+06","1.1413164191e+07"
"2018-02-26 00:53:00","2.4328555378e+06","9.8860339289e+06"
"2018-02-26 00:54:00","4.1768421111e+06","1.0463691249e+07"
"2018-02-26 00:55:00","2.1944006800e+06","1.0201042569e+07"
"2018-02-26 00:56:00","2.1947512578e+06","1.1974907582e+07"
"2018-02-26 00:57:00","2.2086280182e+06","1.1406936463e+07"
"2018-02-26 00:58:00","2.1613116079e+06","1.2288726248e+07"
"2018-02-26 00:59:00","2.0308567289e+06","9.3813159189e+06"
"2018-02-26 01:00:00","2.0930118657e+06","1.0791265694e+07"
"2018-02-26 01:01:00","2.1237312505e+06","1.1151067076e+07"
"2018-02-26 01:02:00","2.1491112133e+06","8.2948098089e+06"
"2018-02-26 01:03:00","1.9444354178e+06","1.2978348564e+07"
"2018-02-26 01:04:00","2.0560677067e+06","1.2838568982e+07"
"2018-02-26 01:05:00","2.0882218667e+06","1.1513320076e+07"
"2018-02-26 01:06:00","2.0272521689e+06","8.6887361378e+06"
"2018-02-26 01:07:00","2.0082133956e+06","1.1098299191e+07"
"2018-02-26 01:08:00","2.0050479867e+06","1.0972478387e+07"
"2018-02-26 01:09:00","1.9866483333e+06","1.0370475324e+07"
"2018-02-26 01:10:00","2.2296253111e+06","1.0307309676e+07"
"2018-02-26 01:11:00","1.9286017867e+06","1.1832121427e+07"
"2018-02-26 01:12:00","1.9744836756e+06","1.2032142369e+07"
"2018-02-26 01:13:00","1.9474519067e+06","1.1842503333e+07"
"2018-02-26 01:14:00","2.0225984133e+06","1.2479024267e+07"
"2018-02-26 01:15:00","1.9246115333e+06","1.0796471378e+07"
"2018-02-26 01:16:00","1.8946611378e+06","9.6419675778e+06"
"2018-02-26 01:17:00","1.8744784667e+06","1.1929771853e+07"
"2018-02-26 01:18:00","2.0795349733e+06","1.1040519409e+07"
"2018-02-26 01:19:00","1.8871102178e+06","1.3460416671e+07"
"2018-02-26 01:20:00","2.2451907556e+06","1.6731064591e+07"
"2018-02-26 01:21:00","2.1617367511e+06","1.5293689209e+07"
"2018-02-26 01:22:00","2.1762786267e+06","1.4592971582e+07"
"2018-02-26 01:23:00","2.1781384311e+06","1.4858067022e+07"
"2018-02-26 01:24:00","2.1142502533e+06","1.8181117929e+07"
"2018-02-26 01:25:00","2.0700610800e+06","1.9270348516e+07"
"2018-02-26 01:26:00","2.2778474311e+06","1.3620824747e+07"
"2018-02-26 01:27:00","2.0952120311e+06","1.3176736969e+07"
"2018-02-26 01:28:00","2.0799780978e+06","1.5447118231e+07"
"2018-02-26 01:29:00","4.2977370889e+06","2.0825035698e+07"
"2018-02-26 01:30:00","6.5076357378e+06","2.0930989387e+07"
"2018-02-26 01:31:00","5.2976899600e+06","2.5952635040e+07"
"2018-02-26 01:32:00","3.2169571022e+06","1.9147805098e+07"
"2018-02-26 01:33:00","2.9030027867e+06","1.4881071516e+07"
"2018-02-26 01:34:00","3.7360259200e+06","1.5775689418e+07"
"2018-02-26 01:35:00","3.6888436178e+06","1.4695445556e+07"
"2018-02-26 01:36:00","3.1729230933e+06","1.6667644556e+07"
"2018-02-26 01:37:00","2.7344152889e+06","1.5807814529e+07"
"2018-02-26 01:38:00","2.9886390311e+06","1.4024722564e+07"
"2018-02-26 01:39:00","2.1916804711e+06","1.7241782653e+07"
"2018-02-26 01:40:00","2.0608857778e+06","1.5435375769e+07"
"2018-02-26 01:41:00","1.9066538756e+06","1.6717415298e+07"
"2018-02-26 01:42:00","1.9622885289e+06","1.5678607031e+07"
"2018-02-26 01:43:00","1.8827752356e+06","1.7210548480e+07"
"2018-02-26 01:44:00","2.0099284978e+06","1.5617168218e+07"
"2018-02-26 01:45:00","4.9430560078e+06","1.6682543802e+07"
"2018-02-26 01:46:00","2.0635522163e+06","1.7892202745e+07"
"2018-02-26 01:47:00","1.8414759759e+06","1.3262942310e+07"
"2018-02-26 01:48:00","1.8610477822e+06","1.3652703231e+07"
"2018-02-26 01:49:00","2.2311791556e+06","1.4261896089e+07"
"2018-02-26 01:50:00","2.1312653022e+06","1.4179690231e+07"
"2018-02-26 01:51:00","1.8508630978e+06","1.2989171747e+07"
"2018-02-26 01:52:00","1.7839251422e+06","1.3968792449e+07"
"2018-02-26 01:53:00","2.1630718533e+06","1.6455858596e+07"
"2018-02-26 01:54:00","2.0563619022e+06","1.6851152858e+07"
"2018-02-26 01:55:00","1.7832317689e+06","1.4367749431e+07"
"2018-02-26 01:56:00","1.6351728267e+06","1.6724185009e+07"
"2018-02-26 01:57:00","1.6686972311e+06","1.3214631431e+07"
"2018-02-26 01:58:00","1.7194221511e+06","1.3263631524e+07"
"2018-02-26 01:59:00","1.8634630178e+06","1.1209227662e+07"
"2018-02-26 02:00:00","1.7524442800e+06","1.2595948022e+07"
"2018-02-26 02:01:00","2.0285770044e+06","1.2767863520e+07"
"2018-02-26 02:02:00","2.2082172667e+06","1.2466734280e+07"
"2018-02-26 02:03:00","2.6256296053e+06","1.5247848069e+07"
"2018-02-26 02:04:00","2.3027922213e+06","1.3142762671e+07"
"2018-02-26 02:05:00","2.3103870001e+06","1.1312479687e+07"
"2018-02-26 02:06:00","1.6641978089e+06","1.0178306404e+07"
"2018-02-26 02:07:00","1.7789855644e+06","1.0793458636e+07"
"2018-02-26 02:08:00","1.8462214578e+06","1.1678842800e+07"
"2018-02-26 02:09:00","1.7698016267e+06","1.0821875178e+07"
"2018-02-26 02:10:00","1.8475569511e+06","1.0379792658e+07"
"2018-02-26 02:11:00","1.9303634800e+06","9.5421966489e+06"
"2018-02-26 02:12:00","1.9155002222e+06","8.5621448756e+06"
"2018-02-26 02:13:00","1.9222455156e+06","1.0066796547e+07"
"2018-02-26 02:14:00","1.9181049867e+06","1.1625825071e+07"
"2018-02-26 02:15:00","6.2394882267e+06","1.1543272578e+07"
"2018-02-26 02:16:00","2.3207006400e+06","1.0318331311e+07"
"2018-02-26 02:17:00","1.9035911511e+06","9.8395721867e+06"
"2018-02-26 02:18:00","1.8534682622e+06","1.1793786076e+07"
"2018-02-26 02:19:00","1.7284987778e+06","8.7247654800e+06"
"2018-02-26 02:20:00","1.9238841733e+06","1.0930880022e+07"
"2018-02-26 02:21:00","1.9616567556e+06","1.0594711187e+07"
"2018-02-26 02:22:00","1.8655747022e+06","1.4929821618e+07"
"2018-02-26 02:23:00","1.9376786756e+06","1.6336044262e+07"
"2018-02-26 02:24:00","1.9188919378e+06","1.4531464373e+07"
"2018-02-26 02:25:00","1.8055645422e+06","1.4246464196e+07"
"2018-02-26 02:26:00","2.0507364533e+06","1.5475079249e+07"
"2018-02-26 02:27:00","1.9751696267e+06","1.3236436676e+07"
"2018-02-26 02:28:00","1.7662900133e+06","1.2869355920e+07"
"2018-02-26 02:29:00","1.8969459689e+06","1.4853918271e+07"
"2018-02-26 02:30:00","1.9355613067e+06","1.4642156649e+07"
"2018-02-26 02:31:00","2.1206404933e+06","1.2811956893e+07"
"2018-02-26 02:32:00","1.8218821600e+06","1.3176008836e+07"
"2018-02-26 02:33:00","1.9180652267e+06","1.3345752560e+07"
"2018-02-26 02:34:00","1.8497357333e+06","1.2749119231e+07"
"2018-02-26 02:35:00","3.3808001375e+06","1.2806148727e+07"
"2018-02-26 02:36:00","1.8864943241e+06","8.9358564891e+06"
"2018-02-26 02:37:00","1.8671117073e+06","1.1423450006e+07"
"2018-02-26 02:38:00","1.8672908889e+06","1.2894965507e+07"
"2018-02-26 02:39:00","1.9388762711e+06","1.5401901111e+07"
"2018-02-26 02:40:00","1.8311839822e+06","1.5898904396e+07"
"2018-02-26 02:41:00","2.1039209556e+06","1.7024942307e+07"
"2018-02-26 02:42:00","2.0865156667e+06","1.6694284680e+07"
"2018-02-26 02:43:00","2.2003399244e+06","1.7528381547e+07"
"2018-02-26 02:44:00","2.3814801022e+06","1.7544879622e+07"
"2018-02-26 02:45:00","1.9473094178e+06","1.2834276680e+07"
"2018-02-26 02:46:00","1.9394479644e+06","1.4888175240e+07"
"2018-02-26 02:47:00","2.0749793422e+06","1.4824939996e+07"
"2018-02-26 02:48:00","1.9760828133e+06","1.5258827627e+07"
"2018-02-26 02:49:00","2.2733878933e+06","1.3205485351e+07"
"2018-02-26 02:50:00","2.1440682578e+06","1.2095042658e+07"
"2018-02-26 02:51:00","2.4175318489e+06","1.3021076107e+07"
"2018-02-26 02:52:00","2.0469881289e+06","1.3872137311e+07"
"2018-02-26 02:53:00","1.8775683200e+06","1.2721602667e+07"
"2018-02-26 02:54:00","2.0660588622e+06","1.3440816724e+07"
"2018-02-26 02:55:00","2.2907796756e+06","1.2678595413e+07"
"2018-02-26 02:56:00","2.0729918489e+06","1.2158677004e+07"
"2018-02-26 02:57:00","1.9381228844e+06","1.2081480849e+07"
"2018-02-26 02:58:00","2.0346838489e+06","1.5359882867e+07"
"2018-02-26 02:59:00","2.2257047022e+06","1.4074480120e+07"
"2018-02-26 03:00:00","2.2828654940e+06","1.2464978681e+07"
"2018-02-26 03:01:00","2.1224452708e+06","1.3128678488e+07"
"2018-02-26 03:02:00","2.1683663996e+06","1.2048854671e+07"
"2018-02-26 03:03:00","1.9629292444e+06","1.2249606680e+07"
"2018-02-26 03:04:00","2.0661396800e+06","1.1134888569e+07"
"2018-02-26 03:05:00","2.2220793200e+06","1.0548303173e+07"
"2018-02-26 03:06:00","2.3234737378e+06","1.0289408364e+07"
"2018-02-26 03:07:00","2.0343824578e+06","8.3110800400e+06"
"2018-02-26 03:08:00","1.9783916933e+06","6.7588628844e+06"
"2018-02-26 03:09:00","2.1536466711e+06","1.0480987827e+07"
"2018-02-26 03:10:00","1.9829808978e+06","8.8417881511e+06"
"2018-02-26 03:11:00","1.7356371778e+06","7.4507249422e+06"
"2018-02-26 03:12:00","1.6504329511e+06","6.3929070978e+06"
"2018-02-26 03:13:00","1.7939412178e+06","6.9507093644e+06"
"2018-02-26 03:14:00","1.9861943733e+06","9.5492597022e+06"
"2018-02-26 03:15:00","3.8382201822e+06","8.1734088000e+06"
"2018-02-26 03:16:00","3.1555692489e+06","7.2526882400e+06"
"2018-02-26 03:17:00","1.7184372889e+06","8.7706496356e+06"
"2018-02-26 03:18:00","1.7450862978e+06","8.7441784933e+06"
"2018-02-26 03:19:00","2.0469374311e+06","1.1250027147e+07"
"2018-02-26 03:20:00","2.2401248622e+06","1.4125607471e+07"
"2018-02-26 03:21:00","2.1326555467e+06","1.1402807373e+07"
"2018-02-26 03:22:00","1.6794850178e+06","9.7666395156e+06"
"2018-02-26 03:23:00","1.7194282000e+06","8.7221631733e+06"
"2018-02-26 03:24:00","2.2812692844e+06","9.2164501111e+06"
"2018-02-26 03:25:00","1.8962240133e+06","1.1996100120e+07"
"2018-02-26 03:26:00","1.7644844756e+06","1.1984086307e+07"
"2018-02-26 03:27:00","2.3708000912e+06","1.0637135740e+07"
"2018-02-26 03:28:00","1.4871747495e+06","1.0876860134e+07"
"2018-02-26 03:29:00","1.5757146926e+06","1.0784473202e+07"
"2018-02-26 03:30:00","1.5054692356e+06","1.2019132329e+07"
"2018-02-26 03:31:00","1.5114492089e+06","1.2466598471e+07"
"2018-02-26 03:32:00","1.4695550311e+06","1.2772047898e+07"
"2018-02-26 03:33:00","1.6180024267e+06","1.1611468191e+07"
"2018-02-26 03:34:00","1.8119917556e+06","1.1642059831e+07"
"2018-02-26 03:35:00","1.3018653511e+06","1.0085819693e+07"
"2018-02-26 03:36:00","1.4816199200e+06","9.2097967156e+06"
"2018-02-26 03:37:00","1.2527852400e+06","6.3662811911e+06"
"2018-02-26 03:38:00","1.3588342711e+06","6.4306036533e+06"
"2018-02-26 03:39:00","1.4278057066e+06","8.2076174050e+06"
"2018-02-26 03:40:00","1.5130513969e+06","9.5376381780e+06"
"2018-02-26 03:41:00","1.4321597454e+06","8.6950289902e+06"
"2018-02-26 03:42:00","1.2645303311e+06","7.1880009628e+06"
"2018-02-26 03:43:00","1.2546303038e+06","8.1669000033e+06"
"2018-02-26 03:44:00","1.6002143118e+06","1.0251592994e+07"
"2018-02-26 03:45:00","3.0110123956e+06","6.4287745956e+06"
"2018-02-26 03:46:00","2.7662787155e+06","6.2719850264e+06"
"2018-02-26 03:47:00","1.2638592423e+06","6.3622288869e+06"
"2018-02-26 03:48:00","1.3703855688e+06","6.2447784075e+06"
"2018-02-26 03:49:00","1.1938611754e+06","5.9709231621e+06"
"2018-02-26 03:50:00","1.2568471132e+06","6.7920959243e+06"
"2018-02-26 03:51:00","1.2295400383e+06","6.0796693172e+06"
"2018-02-26 03:52:00","1.1914199556e+06","5.5212764044e+06"
"2018-02-26 03:53:00","1.1443715333e+06","4.8559920000e+06"
"2018-02-26 03:54:00","1.4864738800e+06","4.9396870356e+06"
"2018-02-26 03:55:00","1.2342879244e+06","5.0524000533e+06"
"2018-02-26 03:56:00","2.7209837378e+06","9.3512634089e+06"
"2018-02-26 03:57:00","1.9404263689e+06","1.5813855533e+07"
"2018-02-26 03:58:00","1.7566505689e+06","1.4331191711e+07"
"2018-02-26 03:59:00","1.5821942667e+06","4.9120722711e+06"
"2018-02-26 04:00:00","1.4606231600e+06","7.2514630356e+06"
"2018-02-26 04:01:00","1.6483963733e+06","5.8746256933e+06"
"2018-02-26 04:02:00","1.7030995339e+06","8.8792852932e+06"
"2018-02-26 04:03:00","1.7552918196e+06","9.4219122866e+06"
"2018-02-26 04:04:00","1.7847271996e+06","8.4152057857e+06"
"2018-02-26 04:05:00","1.7444116244e+06","1.3949212022e+07"
"2018-02-26 04:06:00","1.6626995202e+06","5.4853931636e+06"
"2018-02-26 04:07:00","1.7889019956e+06","5.3116626133e+06"
"2018-02-26 04:08:00","1.7185238112e+06","5.1381268293e+06"
"2018-02-26 04:09:00","1.6530263932e+06","6.5195695839e+06"
"2018-02-26 04:10:00","1.3462130000e+06","5.9356663646e+06"
"2018-02-26 04:11:00","1.3507724267e+06","4.1887754889e+06"
"2018-02-26 04:12:00","1.6236630044e+06","3.8881125022e+06"
"2018-02-26 04:13:00","1.4026754578e+06","5.4635137467e+06"
"2018-02-26 04:14:00","1.5786722756e+06","1.2137674849e+07"
"2018-02-26 04:15:00","1.9246751822e+06","7.9887875911e+06"
"2018-02-26 04:16:00","1.9143968356e+06","8.5234476844e+06"
"2018-02-26 04:17:00","1.4795180711e+06","5.5339143067e+06"
"2018-02-26 04:18:00","1.5471575422e+06","5.3273488978e+06"
"2018-02-26 04:19:00","1.6237191067e+06","4.4831263822e+06"
"2018-02-26 04:20:00","1.5894537467e+06","3.7562692178e+06"
"2018-02-26 04:21:00","1.7418328489e+06","4.3298822978e+06"
"2018-02-26 04:22:00","1.6689062089e+06","7.3239452578e+06"
"2018-02-26 04:23:00","1.8206786533e+06","1.2621798618e+07"
"2018-02-26 04:24:00","1.9094778978e+06","1.1538036782e+07"
"2018-02-26 04:25:00","2.0952131004e+06","1.3423825826e+07"
"2018-02-26 04:26:00","1.7566329281e+06","1.5314072738e+07"
"2018-02-26 04:27:00","1.7901651306e+06","9.1746854969e+06"
"2018-02-26 04:28:00","1.4751986749e+06","7.1492729380e+06"
"2018-02-26 04:29:00","1.4917484415e+06","6.9312432588e+06"
"2018-02-26 04:30:00","1.5119035822e+06","5.9436253378e+06"
"2018-02-26 04:31:00","2.3939607689e+06","5.8358930489e+06"
"2018-02-26 04:32:00","1.6694743156e+06","4.0839669733e+06"
"2018-02-26 04:33:00","1.9199091200e+06","8.6313249689e+06"
"2018-02-26 04:34:00","1.9544415600e+06","1.2239476204e+07"
"2018-02-26 04:35:00","2.0605157289e+06","1.0554192484e+07"
"2018-02-26 04:36:00","1.8343465733e+06","6.5978248711e+06"
"2018-02-26 04:37:00","1.7009428844e+06","8.2620768178e+06"
"2018-02-26 04:38:00","1.7189980711e+06","5.1403940000e+06"
"2018-02-26 04:39:00","1.8953567467e+06","4.1075235422e+06"
"2018-02-26 04:40:00","1.8640808622e+06","6.0800410800e+06"
"2018-02-26 04:41:00","2.2093683467e+06","1.3934319311e+07"
"2018-02-26 04:42:00","2.1655940889e+06","6.6114179378e+06"
"2018-02-26 04:43:00","2.8895943467e+06","1.1137876636e+07"
"2018-02-26 04:44:00","3.9924818933e+06","1.6853275831e+07"
"2018-02-26 04:45:00","4.2636406667e+06","1.2420108404e+07"
"2018-02-26 04:46:00","3.9272375378e+06","1.1603886311e+07"
"2018-02-26 04:47:00","1.8653527914e+06","1.0771836683e+07"
"2018-02-26 04:48:00","1.6597276934e+06","7.6467182635e+06"
"2018-02-26 04:49:00","1.7928594530e+06","7.9766886049e+06"
"2018-02-26 04:50:00","1.6900046711e+06","6.7662814844e+06"
"2018-02-26 04:51:00","1.5920678133e+06","1.0972758409e+07"
"2018-02-26 04:52:00","1.6763523059e+06","9.2603602078e+06"
"2018-02-26 04:53:00","1.7566793239e+06","7.2796555760e+06"
"2018-02-26 04:54:00","1.7166071169e+06","1.0548960256e+07"
"2018-02-26 04:55:00","1.7455769022e+06","1.2998518244e+07"
"2018-02-26 04:56:00","1.8769452667e+06","9.1976007467e+06"
"2018-02-26 04:57:00","2.1062099467e+06","6.3984606489e+06"
"2018-02-26 04:58:00","1.8250634400e+06","9.1230534578e+06"
"2018-02-26 04:59:00","1.6758316089e+06","9.0444753778e+06"
"2018-02-26 05:00:00","1.8187760800e+06","1.0199015747e+07"
"2018-02-26 05:01:00","2.3375581111e+06","9.6974753200e+06"
"2018-02-26 05:02:00","1.7656468178e+06","9.4108554933e+06"
"2018-02-26 05:03:00","1.5683689200e+06","9.8984995511e+06"
"2018-02-26 05:04:00","1.8296149822e+06","1.0243538658e+07"
"2018-02-26 05:05:00","1.8327857556e+06","1.2975290880e+07"
"2018-02-26 05:06:00","3.0424938044e+06","1.1059669613e+07"
"2018-02-26 05:07:00","4.5822147067e+06","9.1258091111e+06"
"2018-02-26 05:08:00","1.7405894889e+06","8.0860302889e+06"
"2018-02-26 05:09:00","1.9622758889e+06","6.0916424844e+06"
"2018-02-26 05:10:00","2.2234592946e+06","8.2414512461e+06"
"2018-02-26 05:11:00","2.0981144631e+06","9.5975563924e+06"
"2018-02-26 05:12:00","2.0115496290e+06","1.1818700322e+07"
"2018-02-26 05:13:00","2.0117996800e+06","1.0203806609e+07"
"2018-02-26 05:14:00","2.0916836667e+06","1.1553655369e+07"
"2018-02-26 05:15:00","2.8578963737e+06","1.0344203347e+07"
"2018-02-26 05:16:00","4.9977644058e+06","9.9458940523e+06"
"2018-02-26 05:17:00","3.3349079449e+06","1.6353688272e+07"
"2018-02-26 05:18:00","2.5256915046e+06","1.6429928421e+07"
"2018-02-26 05:19:00","3.1251316820e+06","1.3886306467e+07"
"2018-02-26 05:20:00","2.5332068859e+06","1.2350044662e+07"
"2018-02-26 05:21:00","2.5543874874e+06","1.4671031125e+07"
"2018-02-26 05:22:00","2.3817377022e+06","1.5811494369e+07"
"2018-02-26 05:23:00","2.6746335644e+06","2.0530249387e+07"
"2018-02-26 05:24:00","2.6513391254e+06","1.1406864153e+07"
"2018-02-26 05:25:00","2.6411608746e+06","1.2883154586e+07"
"2018-02-26 05:26:00","2.5254788311e+06","1.1974543883e+07"
"2018-02-26 05:27:00","2.4543243644e+06","8.6971683511e+06"
"2018-02-26 05:28:00","2.9714230089e+06","9.6569885244e+06"
"2018-02-26 05:29:00","2.5340105378e+06","1.3761290289e+07"
"2018-02-26 05:30:00","2.6669338311e+06","1.9084711538e+07"
"2018-02-26 05:31:00","2.6662431171e+06","1.9435377870e+07"
"2018-02-26 05:32:00","2.6724674965e+06","2.4620529610e+07"
"2018-02-26 05:33:00","2.5451076087e+06","2.3711199751e+07"
"2018-02-26 05:34:00","2.2698548400e+06","1.8563438191e+07"
"2018-02-26 05:35:00","1.8869075467e+06","1.0769004524e+07"
"2018-02-26 05:36:00","1.8848300622e+06","1.2701882764e+07"
"2018-02-26 05:37:00","2.3501663689e+06","2.0750053151e+07"
"2018-02-26 05:38:00","1.9971849111e+06","2.0796383733e+07"
"2018-02-26 05:39:00","2.3120220978e+06","2.1361786489e+07"
"2018-02-26 05:40:00","2.6886366489e+06","2.2597780133e+07"
"2018-02-26 05:41:00","2.8453962178e+06","1.7622704111e+07"
"2018-02-26 05:42:00","2.7762772311e+06","1.8336170058e+07"
"2018-02-26 05:43:00","2.4758095244e+06","1.8200061591e+07"
"2018-02-26 05:44:00","2.8848194400e+06","1.9504840116e+07"
"2018-02-26 05:45:00","2.6237951244e+06","2.1813339018e+07"
"2018-02-26 05:46:00","2.9273406800e+06","2.3088907169e+07"
"2018-02-26 05:47:00","2.3986233289e+06","2.1436408507e+07"
"2018-02-26 05:48:00","2.9612945644e+06","2.7498438462e+07"
"2018-02-26 05:49:00","2.6503309867e+06","2.1565739529e+07"
"2018-02-26 05:50:00","2.8729825067e+06","2.4158215778e+07"
"2018-02-26 05:51:00","2.7250936667e+06","2.1349482716e+07"
"2018-02-26 05:52:00","2.8149617867e+06","2.2128279147e+07"
"2018-02-26 05:53:00","3.1534423242e+06","2.5855464711e+07"
"2018-02-26 05:54:00","2.9004857972e+06","2.0760478708e+07"
"2018-02-26 05:55:00","3.0045231097e+06","2.5765530390e+07"
"2018-02-26 05:56:00","2.7117012756e+06","1.8845809364e+07"
"2018-02-26 05:57:00","2.3971683956e+06","1.6496485551e+07"
"2018-02-26 05:58:00","2.5016458889e+06","2.0832455240e+07"
"2018-02-26 05:59:00","2.8385106800e+06","1.7145261182e+07"
"2018-02-26 06:00:00","2.5669971733e+06","2.2250672800e+07"
"2018-02-26 06:01:00","2.9522178978e+06","2.2465738147e+07"
"2018-02-26 06:02:00","2.5871980133e+06","2.3556853756e+07"
"2018-02-26 06:03:00","2.2116681467e+06","2.7485492102e+07"
"2018-02-26 06:04:00","2.2988679733e+06","2.2875691089e+07"
"2018-02-26 06:05:00","2.8035022978e+06","2.5344895609e+07"
"2018-02-26 06:06:00","2.7707784627e+06","1.8992735303e+07"
"2018-02-26 06:07:00","2.2922554962e+06","1.5900724121e+07"
"2018-02-26 06:08:00","3.0063232410e+06","3.0172594065e+07"
"2018-02-26 06:09:00","3.2051921803e+06","3.3143469010e+07"
"2018-02-26 06:10:00","3.0688158924e+06","2.3802907640e+07"
"2018-02-26 06:11:00","3.0811665051e+06","1.7821778390e+07"
"2018-02-26 06:12:00","2.7103820725e+06","1.8304206914e+07"
"2018-02-26 06:13:00","2.8154865480e+06","1.8028275556e+07"
"2018-02-26 06:14:00","3.5572902728e+06","1.7416554396e+07"
"2018-02-26 06:15:00","2.9802324844e+06","2.4809160542e+07"
"2018-02-26 06:16:00","2.6668451689e+06","1.9973309676e+07"
"2018-02-26 06:17:00","3.1053536222e+06","1.7252855476e+07"
"2018-02-26 06:18:00","3.3393822578e+06","1.6065964196e+07"
"2018-02-26 06:19:00","3.0231662800e+06","1.3150148302e+07"
"2018-02-26 06:20:00","4.0301621111e+06","1.3955319333e+07"
"2018-02-26 06:21:00","4.1339810889e+06","1.2493992124e+07"
"2018-02-26 06:22:00","4.0206623111e+06","1.6835991333e+07"
"2018-02-26 06:23:00","3.7349986444e+06","1.5395617107e+07"
"2018-02-26 06:24:00","3.6823043822e+06","1.5301516031e+07"
"2018-02-26 06:25:00","3.8859250889e+06","1.7511327129e+07"
"2018-02-26 06:26:00","4.2056529156e+06","1.8677944489e+07"
"2018-02-26 06:27:00","4.1996015022e+06","2.3046282956e+07"
"2018-02-26 06:28:00","4.7212640222e+06","1.9831237547e+07"
"2018-02-26 06:29:00","4.4449324533e+06","2.2586948240e+07"
"2018-02-26 06:30:00","3.7835814844e+06","2.4063427316e+07"
"2018-02-26 06:31:00","3.6738397467e+06","2.2239198840e+07"
"2018-02-26 06:32:00","3.9468938408e+06","2.0944899778e+07"
"2018-02-26 06:33:00","3.7295223308e+06","2.7163879162e+07"
"2018-02-26 06:34:00","4.3027466374e+06","2.4827966469e+07"
"2018-02-26 06:35:00","4.8262619200e+06","2.2671032373e+07"
"2018-02-26 06:36:00","4.8626159111e+06","1.8540575356e+07"
"2018-02-26 06:37:00","4.7830335956e+06","2.1847231271e+07"
"2018-02-26 06:38:00","4.9245181544e+06","2.2080266870e+07"
"2018-02-26 06:39:00","5.2141597838e+06","3.2741707049e+07"
"2018-02-26 06:40:00","4.6680070930e+06","2.3766933241e+07"
"2018-02-26 06:41:00","4.5956085556e+06","4.0578068027e+07"
"2018-02-26 06:42:00","3.9078117689e+06","2.4870801142e+07"
"2018-02-26 06:43:00","4.3524511644e+06","2.4476117840e+07"
"2018-02-26 06:44:00","3.7268319067e+06","2.4315123924e+07"
"2018-02-26 06:45:00","3.5533006044e+06","2.6881344671e+07"
"2018-02-26 06:46:00","4.4275275511e+06","2.6436518529e+07"
"2018-02-26 06:47:00","4.3202296444e+06","2.9943609964e+07"
"2018-02-26 06:48:00","4.2646165822e+06","1.8603263773e+07"
"2018-02-26 06:49:00","4.6091899422e+06","1.7376421591e+07"
"2018-02-26 06:50:00","3.8309350936e+06","1.6476918028e+07"
"2018-02-26 06:51:00","4.1966769874e+06","2.2428591096e+07"
"2018-02-26 06:52:00","4.2070669358e+06","2.3806780000e+07"
"2018-02-26 06:53:00","3.3328685440e+06","2.5177461877e+07"
"2018-02-26 06:54:00","3.7646940614e+06","2.0348420825e+07"
"2018-02-26 06:55:00","3.8700493467e+06","1.9803098138e+07"
"2018-02-26 06:56:00","3.5769499689e+06","1.3306565276e+07"
"2018-02-26 06:57:00","4.0348791378e+06","1.0902099862e+07"
"2018-02-26 06:58:00","3.2202998578e+06","1.2542024973e+07"
"2018-02-26 06:59:00","3.7391416578e+06","1.6949010378e+07"
"2018-02-26 07:00:00","4.5694337022e+06","2.9533927844e+07"
"2018-02-26 07:01:00","4.4440953644e+06","1.9868205013e+07"
"2018-02-26 07:02:00","4.0072349156e+06","1.6810266756e+07"
"2018-02-26 07:03:00","3.9435983497e+06","1.5801580710e+07"
"2018-02-26 07:04:00","4.0023059281e+06","1.8508419264e+07"
"2018-02-26 07:05:00","3.5112317862e+06","2.2137412990e+07"
"2018-02-26 07:06:00","3.3297212077e+06","1.6970261326e+07"
"2018-02-26 07:07:00","3.3908302438e+06","1.3899749655e+07"
"2018-02-26 07:08:00","3.4227533484e+06","1.3621473275e+07"
"2018-02-26 07:09:00","3.3331752916e+06","1.5891142341e+07"
"2018-02-26 07:10:00","3.5113758844e+06","1.4202750987e+07"
"2018-02-26 07:11:00","3.7923567244e+06","1.7773947667e+07"
"2018-02-26 07:12:00","3.2858299111e+06","1.2185820840e+07"
"2018-02-26 07:13:00","3.6129135644e+06","1.5278012231e+07"
"2018-02-26 07:14:00","3.3970804667e+06","1.1374946729e+07"
"2018-02-26 07:15:00","3.4544633022e+06","1.1492470800e+07"
"2018-02-26 07:16:00","3.8419082000e+06","1.6138483364e+07"
"2018-02-26 07:17:00","4.0321673272e+06","2.0685546150e+07"
"2018-02-26 07:18:00","4.2037964661e+06","2.1105307099e+07"
"2018-02-26 07:19:00","5.2753551787e+06","1.5796768811e+07"
"2018-02-26 07:20:00","3.9046672058e+06","1.8101564242e+07"
"2018-02-26 07:21:00","4.3583583733e+06","2.2889231769e+07"
"2018-02-26 07:22:00","3.8942498844e+06","3.5894586396e+07"
"2018-02-26 07:23:00","3.9008023022e+06","2.9573195307e+07"
"2018-02-26 07:24:00","3.8736491778e+06","2.1349865453e+07"
"2018-02-26 07:25:00","3.8171677333e+06","2.1692723164e+07"
"2018-02-26 07:26:00","4.1232682622e+06","1.5489756684e+07"
"2018-02-26 07:27:00","3.8176581289e+06","1.3249230338e+07"
"2018-02-26 07:28:00","3.7443144089e+06","1.6760040920e+07"
"2018-02-26 07:29:00","4.0422550089e+06","1.9751755462e+07"
"2018-02-26 07:30:00","3.8743898178e+06","1.8644385938e+07"
"2018-02-26 07:31:00","4.4350165378e+06","2.2496831516e+07"
"2018-02-26 07:32:00","4.3552788356e+06","2.0546172747e+07"
"2018-02-26 07:33:00","3.6823931689e+06","2.2375235618e+07"
"2018-02-26 07:34:00","3.3007329333e+06","2.6690494587e+07"
"2018-02-26 07:35:00","4.9423016800e+06","1.8900930164e+07"
"2018-02-26 07:36:00","4.1063305511e+06","2.9483583733e+07"
"2018-02-26 07:37:00","4.1183471333e+06","3.2310728013e+07"
"2018-02-26 07:38:00","3.8355021778e+06","2.4598487316e+07"
"2018-02-26 07:39:00","1.8368379942e+07","2.6464997747e+07"
"2018-02-26 07:40:00","1.5306006418e+07","2.2058170249e+07"
"2018-02-26 07:41:00","1.1138310427e+07","3.0256901200e+07"
"2018-02-26 07:42:00","1.2839936520e+07","3.3133498293e+07"
"2018-02-26 07:43:00","9.4254039511e+06","2.5810201040e+07"
"2018-02-26 07:44:00","3.9832261289e+06","1.9494068493e+07"
"2018-02-26 07:45:00","3.1446658000e+06","1.7884163111e+07"
"2018-02-26 07:46:00","3.5960853333e+06","2.1351724987e+07"
"2018-02-26 07:47:00","3.9082833733e+06","3.4434874173e+07"
"2018-02-26 07:48:00","3.3178963600e+06","1.9609769667e+07"
"2018-02-26 07:49:00","3.5696026044e+06","2.0958380884e+07"
"2018-02-26 07:50:00","5.4430168933e+06","1.7837857360e+07"
"2018-02-26 07:51:00","4.7405829600e+06","2.0230069351e+07"
"2018-02-26 07:52:00","5.9722957467e+06","2.3276040400e+07"
"2018-02-26 07:53:00","4.8091011111e+06","1.9425520600e+07"
"2018-02-26 07:54:00","3.8908464578e+06","1.9597311520e+07"
"2018-02-26 07:55:00","5.3425674667e+06","2.6168377067e+07"
"2018-02-26 07:56:00","5.8657388219e+06","3.2444579711e+07"
"2018-02-26 07:57:00","7.6340160531e+06","3.0253181488e+07"
"2018-02-26 07:58:00","3.6184284984e+06","3.3714559569e+07"
"2018-02-26 07:59:00","3.2208606178e+06","2.9937850827e+07"
"2018-02-26 08:00:00","3.2401095111e+06","3.6789756013e+07"
