"Title:","'ge-22/0/4-Alamosa Zayo Fiber(1Gb) ETYX/123244//ZYO'"
"Vertical Label:","'bits per second'"
"Start Date:","2018-02-26 12:01:00"
"End Date:","2018-02-27 12:00:00"
"Step:","60"
"Total Rows:","1440"
"Graph ID:","2160"
"Host ID:","26"
""
"Date","In","Out"
"2018-02-27 08:00:00","3.2597724828e+07","2.6286686539e+08"
"2018-02-27 08:01:00","3.5035813333e+07","3.0697219848e+08"
"2018-02-27 08:02:00","3.3297586716e+07","2.9589448239e+08"
"2018-02-27 08:03:00","3.5344025764e+07","2.8400080403e+08"
"2018-02-27 08:04:00","3.5275841680e+07","3.0322920021e+08"
"2018-02-27 08:05:00","3.5884149204e+07","3.1822872970e+08"
"2018-02-27 08:06:00","3.4827991958e+07","3.1365366807e+08"
"2018-02-27 08:07:00","3.4717638291e+07","3.0918029745e+08"
"2018-02-27 08:08:00","3.3629579494e+07","2.8176291418e+08"
"2018-02-27 08:09:00","3.6377009224e+07","2.8547499392e+08"
"2018-02-27 08:10:00","3.5181213302e+07","3.1185587338e+08"
"2018-02-27 08:11:00","3.5764004464e+07","3.0724368361e+08"
"2018-02-27 08:12:00","3.6466012318e+07","3.0269170562e+08"
"2018-02-27 08:13:00","3.6858574259e+07","3.1510501057e+08"
"2018-02-27 08:14:00","4.0036118172e+07","3.2241016441e+08"
"2018-02-27 08:15:00","3.9664524582e+07","3.1942814424e+08"
"2018-02-27 08:16:00","3.7090326060e+07","2.9286257758e+08"
"2018-02-27 08:17:00","3.8634308182e+07","2.8500843981e+08"
"2018-02-27 08:18:00","3.9246041942e+07","2.7992295021e+08"
"2018-02-27 08:19:00","4.4240203946e+07","2.8494554219e+08"
"2018-02-27 08:20:00","4.1539410121e+07","2.8350043815e+08"
"2018-02-27 08:21:00","3.7682438183e+07","2.9143340384e+08"
"2018-02-27 08:22:00","3.8951651921e+07","2.8028000656e+08"
"2018-02-27 08:23:00","3.8725395064e+07","2.8684009282e+08"
"2018-02-27 08:24:00","4.0889736218e+07","3.0399982440e+08"
"2018-02-27 08:25:00","3.9185224878e+07","2.9019570391e+08"
"2018-02-27 08:26:00","3.9449391160e+07","2.8127617557e+08"
"2018-02-27 08:27:00","3.6035951860e+07","2.9963260951e+08"
"2018-02-27 08:28:00","3.8318648289e+07","2.8695057902e+08"
"2018-02-27 08:29:00","3.5536459860e+07","2.9157359700e+08"
"2018-02-27 08:30:00","3.5924018671e+07","2.9315937539e+08"
"2018-02-27 08:31:00","3.6878639260e+07","2.7800196465e+08"
"2018-02-27 08:32:00","4.0045902818e+07","2.8184895558e+08"
"2018-02-27 08:33:00","3.8041187129e+07","2.8193356448e+08"
"2018-02-27 08:34:00","3.8491964267e+07","2.7450127848e+08"
"2018-02-27 08:35:00","3.9896970167e+07","3.0031556695e+08"
"2018-02-27 08:36:00","3.7247997791e+07","2.9790422378e+08"
"2018-02-27 08:37:00","3.9042788356e+07","3.0866179583e+08"
"2018-02-27 08:38:00","3.8084552219e+07","3.1043940181e+08"
"2018-02-27 08:39:00","3.8503013067e+07","3.1278391204e+08"
"2018-02-27 08:40:00","3.5162819447e+07","2.7329645574e+08"
"2018-02-27 08:41:00","3.7460042871e+07","2.8445787663e+08"
"2018-02-27 08:42:00","3.7758463324e+07","3.1806675274e+08"
"2018-02-27 08:43:00","3.7847424451e+07","2.9935710193e+08"
"2018-02-27 08:44:00","3.9296793913e+07","3.0426596940e+08"
"2018-02-27 08:45:00","3.6687691794e+07","3.1773204153e+08"
"2018-02-27 08:46:00","3.6405370877e+07","3.0734941299e+08"
"2018-02-27 08:47:00","3.3985286804e+07","2.9256857653e+08"
"2018-02-27 08:48:00","3.5660041687e+07","3.0577193751e+08"
"2018-02-27 08:49:00","3.5473180252e+07","2.7662395029e+08"
"2018-02-27 08:50:00","3.5880118204e+07","2.8004113548e+08"
"2018-02-27 08:51:00","3.8045638500e+07","2.9501797603e+08"
"2018-02-27 08:52:00","3.6878889019e+07","2.8852415379e+08"
"2018-02-27 08:53:00","3.8470124288e+07","3.2375669982e+08"
"2018-02-27 08:54:00","3.6370366243e+07","3.0770059610e+08"
"2018-02-27 08:55:00","3.3994348965e+07","2.8977231299e+08"
"2018-02-27 08:56:00","3.6731665766e+07","2.9010096375e+08"
"2018-02-27 08:57:00","3.7143278260e+07","3.0684962346e+08"
"2018-02-27 08:58:00","3.7309611851e+07","3.0171966554e+08"
"2018-02-27 08:59:00","3.6992419100e+07","3.0350809013e+08"
"2018-02-27 09:00:00","3.9469038321e+07","3.3167286971e+08"
"2018-02-27 09:01:00","3.9113487928e+07","3.0848542951e+08"
"2018-02-27 09:02:00","4.0907765342e+07","3.0789798531e+08"
"2018-02-27 09:03:00","3.5523250315e+07","2.9456518479e+08"
"2018-02-27 09:04:00","3.5248754509e+07","2.8903898472e+08"
"2018-02-27 09:05:00","3.6490833380e+07","2.9597668993e+08"
"2018-02-27 09:06:00","3.4888797163e+07","2.7002036874e+08"
"2018-02-27 09:07:00","3.5151132693e+07","2.8447787170e+08"
"2018-02-27 09:08:00","3.6960546933e+07","2.9419635031e+08"
"2018-02-27 09:09:00","3.8126303531e+07","2.7488888488e+08"
"2018-02-27 09:10:00","4.1027777120e+07","2.9135969275e+08"
"2018-02-27 09:11:00","4.1340168029e+07","2.8542949242e+08"
"2018-02-27 09:12:00","4.1993977918e+07","2.9169744060e+08"
"2018-02-27 09:13:00","3.9841065382e+07","2.7756063954e+08"
"2018-02-27 09:14:00","3.9479492976e+07","2.7875064151e+08"
"2018-02-27 09:15:00","3.9102580650e+07","2.9108590666e+08"
"2018-02-27 09:16:00","3.9909142258e+07","2.7158616314e+08"
"2018-02-27 09:17:00","3.9901086417e+07","2.7714864743e+08"
"2018-02-27 09:18:00","3.9821508938e+07","2.8547444347e+08"
"2018-02-27 09:19:00","4.2967330438e+07","3.1110521859e+08"
"2018-02-27 09:20:00","4.2310408592e+07","2.8807640259e+08"
"2018-02-27 09:21:00","4.6953679772e+07","2.7939510537e+08"
"2018-02-27 09:22:00","4.4425233153e+07","2.7670541290e+08"
"2018-02-27 09:23:00","3.9750414443e+07","2.7415509995e+08"
"2018-02-27 09:24:00","3.8406272884e+07","2.7774830729e+08"
"2018-02-27 09:25:00","4.0976278053e+07","3.0485508845e+08"
"2018-02-27 09:26:00","4.2556205142e+07","2.9289832526e+08"
"2018-02-27 09:27:00","4.1262624597e+07","2.9741599665e+08"
"2018-02-27 09:28:00","3.9686721690e+07","2.7036363957e+08"
"2018-02-27 09:29:00","4.3124994226e+07","3.0758591118e+08"
"2018-02-27 09:30:00","4.0188630440e+07","2.7114909335e+08"
"2018-02-27 09:31:00","3.8583259549e+07","2.7229792460e+08"
"2018-02-27 09:32:00","4.2137057436e+07","2.7466794749e+08"
"2018-02-27 09:33:00","4.3842932540e+07","2.8120102862e+08"
"2018-02-27 09:34:00","4.2787612207e+07","2.8539394776e+08"
"2018-02-27 09:35:00","3.8424237133e+07","2.6364001181e+08"
"2018-02-27 09:36:00","4.1368270127e+07","2.7921334636e+08"
"2018-02-27 09:37:00","4.2276441367e+07","2.7211922383e+08"
"2018-02-27 09:38:00","3.8832125109e+07","2.7297883474e+08"
"2018-02-27 09:39:00","3.9103413327e+07","2.7355157468e+08"
"2018-02-27 09:40:00","4.0751682149e+07","2.7962614872e+08"
"2018-02-27 09:41:00","3.9927741920e+07","2.5065561214e+08"
"2018-02-27 09:42:00","4.3245442566e+07","2.7887403353e+08"
"2018-02-27 09:43:00","4.5946601920e+07","2.9672784205e+08"
"2018-02-27 09:44:00","4.8273293077e+07","2.9573755140e+08"
"2018-02-27 09:45:00","4.5979226363e+07","2.8939226628e+08"
"2018-02-27 09:46:00","4.4684893607e+07","2.8111123418e+08"
"2018-02-27 09:47:00","4.1107659009e+07","2.9188004348e+08"
"2018-02-27 09:48:00","4.4619154318e+07","2.9272319131e+08"
"2018-02-27 09:49:00","4.2994840276e+07","2.8466250310e+08"
"2018-02-27 09:50:00","4.2602453402e+07","3.0754488288e+08"
"2018-02-27 09:51:00","4.5825840998e+07","3.1214455381e+08"
"2018-02-27 09:52:00","4.0649226907e+07","3.0988364915e+08"
"2018-02-27 09:53:00","4.0774388560e+07","2.9539279948e+08"
"2018-02-27 09:54:00","4.3592562173e+07","2.8468182522e+08"
"2018-02-27 09:55:00","4.8635940884e+07","2.6951719842e+08"
"2018-02-27 09:56:00","4.9107738293e+07","2.9406294417e+08"
"2018-02-27 09:57:00","4.6543697660e+07","2.7939019564e+08"
"2018-02-27 09:58:00","4.6156011289e+07","2.5751763027e+08"
"2018-02-27 09:59:00","4.0914494282e+07","2.5458754179e+08"
"2018-02-27 10:00:00","4.1449724624e+07","2.5376160288e+08"
"2018-02-27 10:01:00","4.3510643620e+07","2.9147317692e+08"
"2018-02-27 10:02:00","5.3224159830e+07","2.8365700172e+08"
"2018-02-27 10:03:00","4.5746646090e+07","2.7673330616e+08"
"2018-02-27 10:04:00","4.2652651253e+07","2.6683766013e+08"
"2018-02-27 10:05:00","4.3222689020e+07","2.7210281505e+08"
"2018-02-27 10:06:00","4.3418480051e+07","2.9179266965e+08"
"2018-02-27 10:07:00","4.8980670804e+07","2.7535494588e+08"
"2018-02-27 10:08:00","4.8218251750e+07","2.8122008679e+08"
"2018-02-27 10:09:00","4.3627886696e+07","2.7553248772e+08"
"2018-02-27 10:10:00","4.3915371207e+07","2.9260707714e+08"
"2018-02-27 10:11:00","4.8654210140e+07","3.1644223520e+08"
"2018-02-27 10:12:00","4.8621994660e+07","3.0069938162e+08"
"2018-02-27 10:13:00","4.4931633959e+07","3.1820556422e+08"
"2018-02-27 10:14:00","4.4527883886e+07","2.8764930258e+08"
"2018-02-27 10:15:00","4.3936094216e+07","2.8640451892e+08"
"2018-02-27 10:16:00","4.3969632164e+07","2.9422497612e+08"
"2018-02-27 10:17:00","4.4418465764e+07","3.2811986896e+08"
"2018-02-27 10:18:00","4.2020800407e+07","3.3165583419e+08"
"2018-02-27 10:19:00","3.9606395024e+07","3.1897713304e+08"
"2018-02-27 10:20:00","4.0335412029e+07","3.1500229413e+08"
"2018-02-27 10:21:00","4.2680135773e+07","3.1029758991e+08"
"2018-02-27 10:22:00","4.6074900187e+07","2.9171435309e+08"
"2018-02-27 10:23:00","4.6205720575e+07","3.1809416218e+08"
"2018-02-27 10:24:00","4.2981418952e+07","3.1410748510e+08"
"2018-02-27 10:25:00","4.2782388720e+07","3.2035983034e+08"
"2018-02-27 10:26:00","4.3404287731e+07","3.3528807682e+08"
"2018-02-27 10:27:00","4.2290227862e+07","3.2092210693e+08"
"2018-02-27 10:28:00","4.2845634010e+07","3.2526927739e+08"
"2018-02-27 10:29:00","4.4683017299e+07","3.3678411385e+08"
"2018-02-27 10:30:00","4.5216679453e+07","3.4434790663e+08"
"2018-02-27 10:31:00","4.5857694411e+07","3.6412403387e+08"
"2018-02-27 10:32:00","4.4990203724e+07","3.6651919143e+08"
"2018-02-27 10:33:00","4.3764334302e+07","3.3409630743e+08"
"2018-02-27 10:34:00","4.0543927833e+07","3.2173135270e+08"
"2018-02-27 10:35:00","3.9824469427e+07","3.2855296514e+08"
"2018-02-27 10:36:00","4.2834266720e+07","3.3836641854e+08"
"2018-02-27 10:37:00","3.8544798658e+07","3.0928354247e+08"
"2018-02-27 10:38:00","4.8897626310e+07","3.6240490777e+08"
"2018-02-27 10:39:00","4.4537248848e+07","3.3120282476e+08"
"2018-02-27 10:40:00","4.5390527321e+07","3.1898417873e+08"
"2018-02-27 10:41:00","4.8269577820e+07","3.6094325739e+08"
"2018-02-27 10:42:00","4.5739837055e+07","3.6822950005e+08"
"2018-02-27 10:43:00","4.3972203467e+07","3.3765005142e+08"
"2018-02-27 10:44:00","4.6683735425e+07","3.4741398828e+08"
"2018-02-27 10:45:00","4.5074725984e+07","3.4157304497e+08"
"2018-02-27 10:46:00","4.4036439683e+07","3.2813026133e+08"
"2018-02-27 10:47:00","4.6266473090e+07","3.1046192927e+08"
"2018-02-27 10:48:00","4.4511702753e+07","3.2132870745e+08"
"2018-02-27 10:49:00","4.2341953147e+07","3.4008220874e+08"
"2018-02-27 10:50:00","4.1242094910e+07","3.4109590959e+08"
"2018-02-27 10:51:00","4.1363856488e+07","3.1442279787e+08"
"2018-02-27 10:52:00","4.4635896542e+07","3.0766299459e+08"
"2018-02-27 10:53:00","4.5107297033e+07","3.2519134719e+08"
"2018-02-27 10:54:00","4.4456321212e+07","3.3908466162e+08"
"2018-02-27 10:55:00","4.4115466086e+07","3.3839705485e+08"
"2018-02-27 10:56:00","4.7809231080e+07","3.5790674574e+08"
"2018-02-27 10:57:00","4.5024843809e+07","3.3148676704e+08"
"2018-02-27 10:58:00","4.7321767654e+07","3.4031760298e+08"
"2018-02-27 10:59:00","4.6849106070e+07","3.5349481242e+08"
"2018-02-27 11:00:00","4.8063995441e+07","3.7931709581e+08"
"2018-02-27 11:01:00","4.8873327784e+07","3.4969700899e+08"
"2018-02-27 11:02:00","4.8399888362e+07","3.5154910237e+08"
"2018-02-27 11:03:00","4.8754997164e+07","3.6781980771e+08"
"2018-02-27 11:04:00","4.6081942402e+07","3.6028073336e+08"
"2018-02-27 11:05:00","4.9784681395e+07","3.6862608289e+08"
"2018-02-27 11:06:00","5.1307633199e+07","3.5240770800e+08"
"2018-02-27 11:07:00","4.9475100716e+07","3.5074871448e+08"
"2018-02-27 11:08:00","5.0301580387e+07","3.6915796530e+08"
"2018-02-27 11:09:00","4.5685512240e+07","3.4700551264e+08"
"2018-02-27 11:10:00","4.3104835367e+07","3.3881440687e+08"
"2018-02-27 11:11:00","4.5995710109e+07","3.2625328729e+08"
"2018-02-27 11:12:00","4.5693101744e+07","3.3384981275e+08"
"2018-02-27 11:13:00","4.7163301480e+07","3.3163455356e+08"
"2018-02-27 11:14:00","4.9121302147e+07","3.3204754770e+08"
"2018-02-27 11:15:00","4.7257820267e+07","3.3148438861e+08"
"2018-02-27 11:16:00","4.4195424144e+07","3.2608154431e+08"
"2018-02-27 11:17:00","4.6861022520e+07","3.4251175061e+08"
"2018-02-27 11:18:00","4.1961554280e+07","3.2313874797e+08"
"2018-02-27 11:19:00","4.6001969324e+07","3.5183917717e+08"
"2018-02-27 11:20:00","5.0183301849e+07","3.3674490520e+08"
"2018-02-27 11:21:00","4.7633256769e+07","3.7434328120e+08"
"2018-02-27 11:22:00","4.9158752840e+07","3.6087277703e+08"
"2018-02-27 11:23:00","4.7439971013e+07","3.4728965784e+08"
"2018-02-27 11:24:00","5.0529180425e+07","3.8720273505e+08"
"2018-02-27 11:25:00","4.6743558625e+07","3.5715197703e+08"
"2018-02-27 11:26:00","4.5913284495e+07","3.6402659077e+08"
"2018-02-27 11:27:00","4.7018203927e+07","3.6973633047e+08"
"2018-02-27 11:28:00","4.6073807269e+07","3.8126254040e+08"
"2018-02-27 11:29:00","4.4922237920e+07","3.8529218182e+08"
"2018-02-27 11:30:00","4.8284519518e+07","3.4782293303e+08"
"2018-02-27 11:31:00","4.6285134767e+07","3.5909576511e+08"
"2018-02-27 11:32:00","4.6881158664e+07","3.4457505527e+08"
"2018-02-27 11:33:00","4.8942951856e+07","3.2781900701e+08"
"2018-02-27 11:34:00","4.8598076047e+07","3.3877798682e+08"
"2018-02-27 11:35:00","4.5142071553e+07","3.2926013886e+08"
"2018-02-27 11:36:00","4.1990069460e+07","3.2143095967e+08"
"2018-02-27 11:37:00","3.9804570727e+07","3.0816781613e+08"
"2018-02-27 11:38:00","4.0601305907e+07","3.0221962044e+08"
"2018-02-27 11:39:00","4.4989761071e+07","3.1455628793e+08"
"2018-02-27 11:40:00","3.9449565453e+07","3.2715128115e+08"
"2018-02-27 11:41:00","4.3848644325e+07","3.1987299698e+08"
"2018-02-27 11:42:00","4.3949283410e+07","3.3344046166e+08"
"2018-02-27 11:43:00","4.1938514724e+07","3.5051544470e+08"
"2018-02-27 11:44:00","4.3582022584e+07","3.2529096312e+08"
"2018-02-27 11:45:00","4.4129721171e+07","3.3615593162e+08"
"2018-02-27 11:46:00","4.2412082753e+07","3.2624384095e+08"
"2018-02-27 11:47:00","4.2377213969e+07","3.1688758715e+08"
"2018-02-27 11:48:00","4.1653811318e+07","3.0392090840e+08"
"2018-02-27 11:49:00","3.8816634358e+07","2.5779909236e+08"
"2018-02-27 11:50:00","4.0218479019e+07","2.8400539347e+08"
"2018-02-27 11:51:00","4.2802293434e+07","3.1703912163e+08"
"2018-02-27 11:52:00","4.4637681355e+07","3.0746253769e+08"
"2018-02-27 11:53:00","4.3148009384e+07","2.9576875956e+08"
"2018-02-27 11:54:00","4.5288220124e+07","3.0092617890e+08"
"2018-02-27 11:55:00","4.4425022164e+07","2.9385337501e+08"
"2018-02-27 11:56:00","4.4665164340e+07","2.9720669209e+08"
"2018-02-27 11:57:00","4.4973914449e+07","3.0970838470e+08"
"2018-02-27 11:58:00","4.8355266664e+07","3.1303943757e+08"
"2018-02-27 11:59:00","4.7853188884e+07","3.0357359095e+08"
"2018-02-27 12:00:00","4.6108312569e+07","2.9984469973e+08"
"2018-02-26 12:01:00","3.8923457572e+07","3.2986950249e+08"
"2018-02-26 12:02:00","3.9586285322e+07","3.4538944417e+08"
"2018-02-26 12:03:00","4.0085516089e+07","3.2695356941e+08"
"2018-02-26 12:04:00","4.1691406277e+07","3.1958174607e+08"
"2018-02-26 12:05:00","4.0350017014e+07","3.4421182669e+08"
"2018-02-26 12:06:00","4.0573120366e+07","3.4649359187e+08"
"2018-02-26 12:07:00","3.8746521054e+07","3.6263936225e+08"
"2018-02-26 12:08:00","4.2016240224e+07","3.4418339372e+08"
"2018-02-26 12:09:00","4.1707659096e+07","3.7868531428e+08"
"2018-02-26 12:10:00","4.6670623353e+07","3.7331807253e+08"
"2018-02-26 12:11:00","4.7256208207e+07","3.6778585536e+08"
"2018-02-26 12:12:00","4.2377794473e+07","3.4488434678e+08"
"2018-02-26 12:13:00","4.3892076324e+07","3.6693693647e+08"
"2018-02-26 12:14:00","4.2877298433e+07","3.4848949352e+08"
"2018-02-26 12:15:00","4.5422930793e+07","3.6849057182e+08"
"2018-02-26 12:16:00","4.6054843711e+07","3.5703110203e+08"
"2018-02-26 12:17:00","4.7783330138e+07","3.5661770341e+08"
"2018-02-26 12:18:00","4.7771526938e+07","3.6961862911e+08"
"2018-02-26 12:19:00","4.4734853996e+07","3.6186475535e+08"
"2018-02-26 12:20:00","4.4666599421e+07","3.7003265593e+08"
"2018-02-26 12:21:00","4.1834498559e+07","3.4489581477e+08"
"2018-02-26 12:22:00","4.2316892250e+07","3.4539540445e+08"
"2018-02-26 12:23:00","4.0803676287e+07","3.2007032940e+08"
"2018-02-26 12:24:00","3.8880536489e+07","3.0814002424e+08"
"2018-02-26 12:25:00","3.9208050312e+07","3.3650887716e+08"
"2018-02-26 12:26:00","4.2169296271e+07","3.1883912930e+08"
"2018-02-26 12:27:00","4.5893661019e+07","3.1369797071e+08"
"2018-02-26 12:28:00","4.5979081877e+07","3.2675884366e+08"
"2018-02-26 12:29:00","4.2183783609e+07","3.4573209828e+08"
"2018-02-26 12:30:00","4.2971677109e+07","3.3883244282e+08"
"2018-02-26 12:31:00","4.4273654209e+07","3.5248278764e+08"
"2018-02-26 12:32:00","4.8775297633e+07","3.5286234587e+08"
"2018-02-26 12:33:00","4.8705412496e+07","3.6661747683e+08"
"2018-02-26 12:34:00","4.8013399938e+07","3.4206948589e+08"
"2018-02-26 12:35:00","4.8028134573e+07","3.3966582440e+08"
"2018-02-26 12:36:00","4.3847745902e+07","3.1929509607e+08"
"2018-02-26 12:37:00","4.5948970316e+07","3.2052139312e+08"
"2018-02-26 12:38:00","4.5608168418e+07","3.0551745179e+08"
"2018-02-26 12:39:00","4.0754972098e+07","3.1858995625e+08"
"2018-02-26 12:40:00","3.9997838778e+07","3.0516216101e+08"
"2018-02-26 12:41:00","4.7134488833e+07","3.2602051447e+08"
"2018-02-26 12:42:00","4.8565635970e+07","3.2252146326e+08"
"2018-02-26 12:43:00","5.5845731704e+07","3.4214456590e+08"
"2018-02-26 12:44:00","5.4089848281e+07","3.3667713742e+08"
"2018-02-26 12:45:00","4.9120432909e+07","3.4006139909e+08"
"2018-02-26 12:46:00","4.7293863094e+07","3.4074882069e+08"
"2018-02-26 12:47:00","4.7533459469e+07","3.3045802364e+08"
"2018-02-26 12:48:00","4.7834550854e+07","3.3357024523e+08"
"2018-02-26 12:49:00","4.6090681340e+07","3.1260102803e+08"
"2018-02-26 12:50:00","4.8398924053e+07","3.0945593389e+08"
"2018-02-26 12:51:00","4.7093290987e+07","3.1620861965e+08"
"2018-02-26 12:52:00","5.1882274727e+07","3.2593503784e+08"
"2018-02-26 12:53:00","5.0872299327e+07","3.2342750034e+08"
"2018-02-26 12:54:00","4.9022627600e+07","3.1691824456e+08"
"2018-02-26 12:55:00","4.4374225364e+07","3.1535469851e+08"
"2018-02-26 12:56:00","4.3089907875e+07","2.9033651544e+08"
"2018-02-26 12:57:00","4.3377595857e+07","3.0314126612e+08"
"2018-02-26 12:58:00","4.4832713477e+07","3.2023287534e+08"
"2018-02-26 12:59:00","4.5325218489e+07","3.0180070972e+08"
"2018-02-26 13:00:00","4.6863250118e+07","3.0504216570e+08"
"2018-02-26 13:01:00","4.6168698038e+07","3.0965352785e+08"
"2018-02-26 13:02:00","4.7819462517e+07","3.2934209088e+08"
"2018-02-26 13:03:00","4.6832590273e+07","3.3088568616e+08"
"2018-02-26 13:04:00","4.6264147364e+07","3.2405110142e+08"
"2018-02-26 13:05:00","4.6296901424e+07","3.0020749469e+08"
"2018-02-26 13:06:00","4.5165668806e+07","3.2346036770e+08"
"2018-02-26 13:07:00","4.5063972390e+07","3.2314244087e+08"
"2018-02-26 13:08:00","4.4063178386e+07","3.2463989541e+08"
"2018-02-26 13:09:00","3.9681342765e+07","2.9255391457e+08"
"2018-02-26 13:10:00","4.2543480862e+07","3.1300828622e+08"
"2018-02-26 13:11:00","4.1282816723e+07","3.0726742220e+08"
"2018-02-26 13:12:00","4.2808914213e+07","3.0526326334e+08"
"2018-02-26 13:13:00","4.7465094842e+07","3.3872703847e+08"
"2018-02-26 13:14:00","5.3475752958e+07","3.4467666596e+08"
"2018-02-26 13:15:00","5.3954486816e+07","3.2323677327e+08"
"2018-02-26 13:16:00","4.8096884338e+07","3.1456232272e+08"
"2018-02-26 13:17:00","4.9438554846e+07","3.2690814583e+08"
"2018-02-26 13:18:00","5.1996370704e+07","3.3670155348e+08"
"2018-02-26 13:19:00","4.7350422991e+07","3.1878029147e+08"
"2018-02-26 13:20:00","4.3963246133e+07","3.1265691608e+08"
"2018-02-26 13:21:00","4.1956404271e+07","3.0320988322e+08"
"2018-02-26 13:22:00","4.2172217777e+07","3.4017538043e+08"
"2018-02-26 13:23:00","4.6309312932e+07","3.6070066642e+08"
"2018-02-26 13:24:00","4.7158697129e+07","3.4463071069e+08"
"2018-02-26 13:25:00","4.4269152997e+07","3.2347372505e+08"
"2018-02-26 13:26:00","4.3251206213e+07","3.1591116055e+08"
"2018-02-26 13:27:00","4.2130624045e+07","3.0786631656e+08"
"2018-02-26 13:28:00","4.3538950668e+07","3.1805008524e+08"
"2018-02-26 13:29:00","4.5938356656e+07","3.0956858505e+08"
"2018-02-26 13:30:00","5.5702950436e+07","3.2325410789e+08"
"2018-02-26 13:31:00","5.0067738654e+07","3.3517699712e+08"
"2018-02-26 13:32:00","5.4311335362e+07","3.5865316943e+08"
"2018-02-26 13:33:00","5.1104113860e+07","3.1327768273e+08"
"2018-02-26 13:34:00","4.9808682592e+07","3.0256741333e+08"
"2018-02-26 13:35:00","4.2728540458e+07","3.0102342598e+08"
"2018-02-26 13:36:00","4.5125009338e+07","3.0470894919e+08"
"2018-02-26 13:37:00","4.5201816037e+07","3.1026280210e+08"
"2018-02-26 13:38:00","4.7960736828e+07","3.0949712789e+08"
"2018-02-26 13:39:00","4.6241444295e+07","2.9424928335e+08"
"2018-02-26 13:40:00","4.5311193333e+07","2.9448326652e+08"
"2018-02-26 13:41:00","4.7561241849e+07","3.2503995756e+08"
"2018-02-26 13:42:00","4.9422211173e+07","3.5139732838e+08"
"2018-02-26 13:43:00","4.7311437929e+07","3.2643724294e+08"
"2018-02-26 13:44:00","4.7844105558e+07","3.2692532064e+08"
"2018-02-26 13:45:00","4.7802103089e+07","3.5780652103e+08"
"2018-02-26 13:46:00","4.5937550680e+07","3.5362467890e+08"
"2018-02-26 13:47:00","4.4429382520e+07","3.1184214191e+08"
"2018-02-26 13:48:00","4.5785607880e+07","3.2312890875e+08"
"2018-02-26 13:49:00","4.5857567018e+07","3.2358444044e+08"
"2018-02-26 13:50:00","4.6006505302e+07","3.5846275316e+08"
"2018-02-26 13:51:00","4.6418997162e+07","3.3229862591e+08"
"2018-02-26 13:52:00","4.4956461275e+07","3.1589462070e+08"
"2018-02-26 13:53:00","4.4129349701e+07","3.1119521744e+08"
"2018-02-26 13:54:00","4.8153708215e+07","3.4197550208e+08"
"2018-02-26 13:55:00","4.2487869209e+07","3.0753267917e+08"
"2018-02-26 13:56:00","4.7931435980e+07","3.1298502096e+08"
"2018-02-26 13:57:00","4.6497496967e+07","3.1316173607e+08"
"2018-02-26 13:58:00","4.7967324753e+07","3.2619475681e+08"
"2018-02-26 13:59:00","4.6916401671e+07","3.2438696594e+08"
"2018-02-26 14:00:00","4.8013488391e+07","3.3413990097e+08"
"2018-02-26 14:01:00","4.7238591320e+07","3.0737882795e+08"
"2018-02-26 14:02:00","4.7316776784e+07","3.1313293390e+08"
"2018-02-26 14:03:00","4.7552879922e+07","3.4153588466e+08"
"2018-02-26 14:04:00","4.4913413375e+07","3.1725927194e+08"
"2018-02-26 14:05:00","4.5398682923e+07","3.0204640684e+08"
"2018-02-26 14:06:00","4.6005038904e+07","3.4744966044e+08"
"2018-02-26 14:07:00","4.7014520984e+07","3.4075831151e+08"
"2018-02-26 14:08:00","4.4265205916e+07","3.2210514296e+08"
"2018-02-26 14:09:00","4.5809293432e+07","3.2553282322e+08"
"2018-02-26 14:10:00","4.6587478538e+07","3.0746959132e+08"
"2018-02-26 14:11:00","4.4295785006e+07","3.3487861968e+08"
"2018-02-26 14:12:00","5.2127718894e+07","3.5321825870e+08"
"2018-02-26 14:13:00","4.8021154443e+07","3.4249688236e+08"
"2018-02-26 14:14:00","4.5641808899e+07","3.3073623040e+08"
"2018-02-26 14:15:00","4.8285557110e+07","3.4034585860e+08"
"2018-02-26 14:16:00","4.9325061760e+07","3.7103667699e+08"
"2018-02-26 14:17:00","4.9438898345e+07","3.5429225403e+08"
"2018-02-26 14:18:00","4.6068798131e+07","3.1558903535e+08"
"2018-02-26 14:19:00","4.8582910931e+07","3.4940392165e+08"
"2018-02-26 14:20:00","4.9497836425e+07","3.4926742005e+08"
"2018-02-26 14:21:00","4.7517089955e+07","3.4048274901e+08"
"2018-02-26 14:22:00","4.8112891258e+07","3.3626938406e+08"
"2018-02-26 14:23:00","4.7826050780e+07","3.3787526264e+08"
"2018-02-26 14:24:00","4.8677485136e+07","3.2708671419e+08"
"2018-02-26 14:25:00","4.9686283240e+07","3.3997872893e+08"
"2018-02-26 14:26:00","4.9097529573e+07","3.5240353271e+08"
"2018-02-26 14:27:00","4.6834442708e+07","3.4362826833e+08"
"2018-02-26 14:28:00","4.9213922567e+07","3.3600632727e+08"
"2018-02-26 14:29:00","4.8985523854e+07","3.4858136156e+08"
"2018-02-26 14:30:00","4.5199097701e+07","3.0256022218e+08"
"2018-02-26 14:31:00","4.7977551444e+07","3.1340793232e+08"
"2018-02-26 14:32:00","4.4252121967e+07","3.5160175451e+08"
"2018-02-26 14:33:00","4.5444569762e+07","3.5721189628e+08"
"2018-02-26 14:34:00","4.4085839329e+07","3.4179048948e+08"
"2018-02-26 14:35:00","4.5085550236e+07","3.5863301302e+08"
"2018-02-26 14:36:00","4.8090957340e+07","3.7578636788e+08"
"2018-02-26 14:37:00","4.4298004484e+07","3.6008147998e+08"
"2018-02-26 14:38:00","4.7283672345e+07","3.6883213353e+08"
"2018-02-26 14:39:00","4.5986482527e+07","3.4942174847e+08"
"2018-02-26 14:40:00","4.6081836560e+07","3.8411088415e+08"
"2018-02-26 14:41:00","4.8059662022e+07","3.7465641862e+08"
"2018-02-26 14:42:00","4.6011032531e+07","3.4950857227e+08"
"2018-02-26 14:43:00","5.1066954563e+07","3.7138232152e+08"
"2018-02-26 14:44:00","4.8612758551e+07","3.2925918686e+08"
"2018-02-26 14:45:00","4.8256167383e+07","3.2952675167e+08"
"2018-02-26 14:46:00","5.0039794147e+07","3.6356950679e+08"
"2018-02-26 14:47:00","4.9982653071e+07","3.5904063301e+08"
"2018-02-26 14:48:00","5.2435721113e+07","3.6601953870e+08"
"2018-02-26 14:49:00","5.0410810069e+07","3.4441209484e+08"
"2018-02-26 14:50:00","5.0158883145e+07","3.8150332777e+08"
"2018-02-26 14:51:00","4.7377608677e+07","3.5970293800e+08"
"2018-02-26 14:52:00","4.9473413376e+07","3.5692711134e+08"
"2018-02-26 14:53:00","4.7132465563e+07","3.8153319218e+08"
"2018-02-26 14:54:00","4.6188956936e+07","3.6060770651e+08"
"2018-02-26 14:55:00","5.3332658779e+07","3.5694604319e+08"
"2018-02-26 14:56:00","4.9968658945e+07","3.5694502164e+08"
"2018-02-26 14:57:00","5.0863167853e+07","3.2625717137e+08"
"2018-02-26 14:58:00","5.0756189738e+07","3.1457683315e+08"
"2018-02-26 14:59:00","5.4236896977e+07","3.1672607901e+08"
"2018-02-26 15:00:00","5.1731731918e+07","3.5651217386e+08"
"2018-02-26 15:01:00","4.7710620555e+07","3.2890638515e+08"
"2018-02-26 15:02:00","4.7237852591e+07","3.3871365655e+08"
"2018-02-26 15:03:00","5.2885726918e+07","3.5633638010e+08"
"2018-02-26 15:04:00","4.9585742536e+07","3.3241733947e+08"
"2018-02-26 15:05:00","4.6327423284e+07","3.0604641495e+08"
"2018-02-26 15:06:00","4.6963955689e+07","3.0997195815e+08"
"2018-02-26 15:07:00","5.0838302251e+07","3.3170608760e+08"
"2018-02-26 15:08:00","5.3360253136e+07","3.6641040419e+08"
"2018-02-26 15:09:00","5.0592818696e+07","3.7041127661e+08"
"2018-02-26 15:10:00","4.8088823334e+07","3.4299475075e+08"
"2018-02-26 15:11:00","5.0342761002e+07","3.5235696019e+08"
"2018-02-26 15:12:00","4.9472129324e+07","3.6577506693e+08"
"2018-02-26 15:13:00","4.8151194411e+07","3.7003535544e+08"
"2018-02-26 15:14:00","4.9737711567e+07","3.9233499670e+08"
"2018-02-26 15:15:00","5.2381917600e+07","4.0399923102e+08"
"2018-02-26 15:16:00","5.3034947082e+07","4.0930870706e+08"
"2018-02-26 15:17:00","5.1740485418e+07","3.8863274239e+08"
"2018-02-26 15:18:00","5.0607409907e+07","3.6041920513e+08"
"2018-02-26 15:19:00","5.1298845839e+07","3.2950911268e+08"
"2018-02-26 15:20:00","5.3904597043e+07","3.5238705646e+08"
"2018-02-26 15:21:00","5.4207686551e+07","3.6135849454e+08"
"2018-02-26 15:22:00","5.1753195511e+07","3.6009430359e+08"
"2018-02-26 15:23:00","5.0512208898e+07","3.6032759175e+08"
"2018-02-26 15:24:00","4.5853065469e+07","3.5387015463e+08"
"2018-02-26 15:25:00","4.5885316564e+07","3.3498565536e+08"
"2018-02-26 15:26:00","5.4578138228e+07","3.8820494567e+08"
"2018-02-26 15:27:00","4.9114886276e+07","3.6821256608e+08"
"2018-02-26 15:28:00","4.7975890276e+07","3.7815044350e+08"
"2018-02-26 15:29:00","5.2960613358e+07","3.9302373514e+08"
"2018-02-26 15:30:00","4.9031290018e+07","3.6621426892e+08"
"2018-02-26 15:31:00","4.8743251097e+07","3.5697837483e+08"
"2018-02-26 15:32:00","5.1654836531e+07","3.6976778778e+08"
"2018-02-26 15:33:00","5.0506741372e+07","3.9445734771e+08"
"2018-02-26 15:34:00","5.0476252490e+07","3.7613114260e+08"
"2018-02-26 15:35:00","4.9585824690e+07","3.8233731250e+08"
"2018-02-26 15:36:00","4.8150262751e+07","3.6917775962e+08"
"2018-02-26 15:37:00","4.7515229142e+07","3.8374789712e+08"
"2018-02-26 15:38:00","5.3739656792e+07","3.9409425230e+08"
"2018-02-26 15:39:00","5.2363934847e+07","3.9595857806e+08"
"2018-02-26 15:40:00","5.2814286638e+07","3.8923322804e+08"
"2018-02-26 15:41:00","5.2941656576e+07","3.8017717166e+08"
"2018-02-26 15:42:00","5.1921057367e+07","3.8719430184e+08"
"2018-02-26 15:43:00","5.1959844551e+07","4.0888770616e+08"
"2018-02-26 15:44:00","5.4456204478e+07","4.0102831151e+08"
"2018-02-26 15:45:00","5.2264195242e+07","4.1541452403e+08"
"2018-02-26 15:46:00","5.1409674444e+07","4.2657374512e+08"
"2018-02-26 15:47:00","5.3158363308e+07","4.2185187404e+08"
"2018-02-26 15:48:00","5.2074811893e+07","3.9998925442e+08"
"2018-02-26 15:49:00","5.1913150611e+07","4.0675620836e+08"
"2018-02-26 15:50:00","5.3540290088e+07","4.1526918028e+08"
"2018-02-26 15:51:00","5.1352524024e+07","4.2058002601e+08"
"2018-02-26 15:52:00","5.7383224044e+07","4.4840302948e+08"
"2018-02-26 15:53:00","5.3621675619e+07","4.3069611500e+08"
"2018-02-26 15:54:00","5.2187447217e+07","4.1670155606e+08"
"2018-02-26 15:55:00","5.2139436187e+07","3.9686125138e+08"
"2018-02-26 15:56:00","5.1483126329e+07","3.9799778247e+08"
"2018-02-26 15:57:00","5.3273787052e+07","4.1164518986e+08"
"2018-02-26 15:58:00","5.6165367261e+07","4.1430735051e+08"
"2018-02-26 15:59:00","5.6461991156e+07","4.2896779158e+08"
"2018-02-26 16:00:00","5.0995440144e+07","4.0515914152e+08"
"2018-02-26 16:01:00","5.3212929278e+07","3.7780256436e+08"
"2018-02-26 16:02:00","5.5401085204e+07","4.0077159300e+08"
"2018-02-26 16:03:00","5.8157496935e+07","3.9312133597e+08"
"2018-02-26 16:04:00","5.7806393403e+07","4.2325861328e+08"
"2018-02-26 16:05:00","5.5798773705e+07","4.2006536874e+08"
"2018-02-26 16:06:00","5.8149689304e+07","4.1572698969e+08"
"2018-02-26 16:07:00","5.4325217160e+07","4.2283356667e+08"
"2018-02-26 16:08:00","5.5744838211e+07","4.1109409953e+08"
"2018-02-26 16:09:00","5.9146742313e+07","3.9981719393e+08"
"2018-02-26 16:10:00","6.0580401276e+07","4.0750334301e+08"
"2018-02-26 16:11:00","5.1310048558e+07","3.2453079624e+08"
"2018-02-26 16:12:00","6.0914679053e+07","4.1968675382e+08"
"2018-02-26 16:13:00","5.9155104863e+07","3.9772616533e+08"
"2018-02-26 16:14:00","5.8654591522e+07","3.9520649170e+08"
"2018-02-26 16:15:00","6.0373251940e+07","4.0659942607e+08"
"2018-02-26 16:16:00","6.1536457766e+07","4.1385092566e+08"
"2018-02-26 16:17:00","6.3970610764e+07","4.1419429331e+08"
"2018-02-26 16:18:00","5.7707539249e+07","4.5004596303e+08"
"2018-02-26 16:19:00","5.8273760191e+07","4.0709411228e+08"
"2018-02-26 16:20:00","5.9346287067e+07","4.3282841168e+08"
"2018-02-26 16:21:00","5.9929902249e+07","3.9584298138e+08"
"2018-02-26 16:22:00","5.6819474800e+07","4.1289900108e+08"
"2018-02-26 16:23:00","5.4459770042e+07","4.0132942402e+08"
"2018-02-26 16:24:00","5.9294634410e+07","4.2033215350e+08"
"2018-02-26 16:25:00","5.8811517822e+07","4.3596767967e+08"
"2018-02-26 16:26:00","5.4915260393e+07","4.3395759035e+08"
"2018-02-26 16:27:00","5.6434759916e+07","4.1010144575e+08"
"2018-02-26 16:28:00","5.7532283207e+07","4.1852759345e+08"
"2018-02-26 16:29:00","5.9741764469e+07","4.1906157918e+08"
"2018-02-26 16:30:00","5.9623930827e+07","4.3080739806e+08"
"2018-02-26 16:31:00","6.0260349522e+07","4.2593517957e+08"
"2018-02-26 16:32:00","5.8777464504e+07","4.3491864615e+08"
"2018-02-26 16:33:00","6.1768599087e+07","4.3352110661e+08"
"2018-02-26 16:34:00","6.1306681342e+07","4.1705043988e+08"
"2018-02-26 16:35:00","6.2029958546e+07","4.3945123558e+08"
"2018-02-26 16:36:00","6.2221709052e+07","4.3797324603e+08"
"2018-02-26 16:37:00","5.8091342998e+07","4.3960936061e+08"
"2018-02-26 16:38:00","5.7760538840e+07","4.3038611455e+08"
"2018-02-26 16:39:00","5.8207783083e+07","4.1498920025e+08"
"2018-02-26 16:40:00","5.2285226875e+07","4.0421083963e+08"
"2018-02-26 16:41:00","5.5524479860e+07","4.2663803300e+08"
"2018-02-26 16:42:00","5.7664999520e+07","4.3133987736e+08"
"2018-02-26 16:43:00","5.8695441609e+07","4.4016500586e+08"
"2018-02-26 16:44:00","5.0207001691e+07","4.6329369921e+08"
"2018-02-26 16:45:00","5.1618548522e+07","4.7188452838e+08"
"2018-02-26 16:46:00","5.0485171010e+07","4.4713091285e+08"
"2018-02-26 16:47:00","5.1373986063e+07","4.7716103607e+08"
"2018-02-26 16:48:00","5.7444664505e+07","4.5677317320e+08"
"2018-02-26 16:49:00","5.1646764053e+07","4.5112672210e+08"
"2018-02-26 16:50:00","4.8590253569e+07","4.4435250187e+08"
"2018-02-26 16:51:00","5.3194293091e+07","4.7022139241e+08"
"2018-02-26 16:52:00","5.6802840093e+07","4.6833485974e+08"
"2018-02-26 16:53:00","5.6920615533e+07","4.3570004371e+08"
"2018-02-26 16:54:00","5.4754707622e+07","4.2824690959e+08"
"2018-02-26 16:55:00","5.2681312714e+07","4.2231852120e+08"
"2018-02-26 16:56:00","5.1618960596e+07","4.3429378813e+08"
"2018-02-26 16:57:00","5.1555854082e+07","4.4784628495e+08"
"2018-02-26 16:58:00","5.2238506867e+07","4.5228739607e+08"
"2018-02-26 16:59:00","5.7542497169e+07","4.5450176603e+08"
"2018-02-26 17:00:00","5.9959284819e+07","4.4557171753e+08"
"2018-02-26 17:01:00","5.3676046645e+07","4.6759317143e+08"
"2018-02-26 17:02:00","5.2965132183e+07","4.5246786808e+08"
"2018-02-26 17:03:00","4.9146009607e+07","4.4020740457e+08"
"2018-02-26 17:04:00","4.8382405885e+07","4.4403913961e+08"
"2018-02-26 17:05:00","5.3584493280e+07","4.3617308556e+08"
"2018-02-26 17:06:00","5.6062547122e+07","4.5805384922e+08"
"2018-02-26 17:07:00","5.2853845050e+07","4.5066520138e+08"
"2018-02-26 17:08:00","5.1960221363e+07","4.5683112224e+08"
"2018-02-26 17:09:00","5.3518353089e+07","4.5323987005e+08"
"2018-02-26 17:10:00","5.1033846980e+07","4.7011801129e+08"
"2018-02-26 17:11:00","5.2596026346e+07","4.6134385185e+08"
"2018-02-26 17:12:00","5.2304465609e+07","4.5238455770e+08"
"2018-02-26 17:13:00","5.0051663529e+07","4.4582928341e+08"
"2018-02-26 17:14:00","4.8766422276e+07","4.4672167718e+08"
"2018-02-26 17:15:00","4.7854516816e+07","4.1924549451e+08"
"2018-02-26 17:16:00","5.7764275298e+07","4.3433498506e+08"
"2018-02-26 17:17:00","4.9382496400e+07","4.3804975409e+08"
"2018-02-26 17:18:00","5.2358245870e+07","4.2889852222e+08"
"2018-02-26 17:19:00","5.5089533615e+07","4.5921093004e+08"
"2018-02-26 17:20:00","5.1749996914e+07","4.6126610449e+08"
"2018-02-26 17:21:00","5.3599566404e+07","4.9383664079e+08"
"2018-02-26 17:22:00","5.6807186927e+07","4.9502550932e+08"
"2018-02-26 17:23:00","5.5928802973e+07","4.6677436400e+08"
"2018-02-26 17:24:00","5.5064831008e+07","4.3842864771e+08"
"2018-02-26 17:25:00","5.0074600658e+07","4.4476416715e+08"
"2018-02-26 17:26:00","5.4373852726e+07","4.9152573356e+08"
"2018-02-26 17:27:00","5.9976280459e+07","4.8031135275e+08"
"2018-02-26 17:28:00","5.8047098869e+07","4.5490276474e+08"
"2018-02-26 17:29:00","5.9964790160e+07","5.3048101366e+08"
"2018-02-26 17:30:00","5.6192475220e+07","4.9503576706e+08"
"2018-02-26 17:31:00","4.9956565570e+07","4.8131178530e+08"
"2018-02-26 17:32:00","5.7953341589e+07","4.9997911177e+08"
"2018-02-26 17:33:00","5.5113287914e+07","5.0408666849e+08"
"2018-02-26 17:34:00","5.3591368847e+07","5.0018028923e+08"
"2018-02-26 17:35:00","5.4747755671e+07","4.8417508666e+08"
"2018-02-26 17:36:00","6.2008303487e+07","5.2600505321e+08"
"2018-02-26 17:37:00","6.4256291456e+07","5.3293667999e+08"
"2018-02-26 17:38:00","6.6819754409e+07","5.1369848106e+08"
"2018-02-26 17:39:00","6.7272598871e+07","5.1217249198e+08"
"2018-02-26 17:40:00","7.0014684949e+07","5.2856077510e+08"
"2018-02-26 17:41:00","6.8138425016e+07","5.4227126025e+08"
"2018-02-26 17:42:00","6.5631956043e+07","5.2404917186e+08"
"2018-02-26 17:43:00","6.6890484070e+07","5.6640999310e+08"
"2018-02-26 17:44:00","5.9829480353e+07","5.2614795164e+08"
"2018-02-26 17:45:00","6.2312342402e+07","5.2655300114e+08"
"2018-02-26 17:46:00","6.7383337157e+07","5.2143902416e+08"
"2018-02-26 17:47:00","6.5556313828e+07","5.4097027755e+08"
"2018-02-26 17:48:00","6.1668955162e+07","5.2472209960e+08"
"2018-02-26 17:49:00","6.5284629851e+07","5.4116406461e+08"
"2018-02-26 17:50:00","6.6176788496e+07","5.4995777514e+08"
"2018-02-26 17:51:00","6.3644116878e+07","5.5751226521e+08"
"2018-02-26 17:52:00","6.2271011233e+07","5.4540379114e+08"
"2018-02-26 17:53:00","6.4082073047e+07","5.3962966010e+08"
"2018-02-26 17:54:00","5.9408223744e+07","5.4087078951e+08"
"2018-02-26 17:55:00","5.8804473108e+07","5.2542578034e+08"
"2018-02-26 17:56:00","6.4954179826e+07","5.7299305410e+08"
"2018-02-26 17:57:00","6.2428860267e+07","5.5500394960e+08"
"2018-02-26 17:58:00","5.7750836253e+07","5.5492220392e+08"
"2018-02-26 17:59:00","5.6897694986e+07","5.4710235645e+08"
"2018-02-26 18:00:00","5.8259920427e+07","5.7199756559e+08"
"2018-02-26 18:01:00","6.5616987643e+07","5.2456504882e+08"
"2018-02-26 18:02:00","6.7858572504e+07","5.2652194896e+08"
"2018-02-26 18:03:00","6.3835951049e+07","5.3652345546e+08"
"2018-02-26 18:04:00","6.8353678444e+07","5.1980019633e+08"
"2018-02-26 18:05:00","7.5145225289e+07","5.5732255178e+08"
"2018-02-26 18:06:00","6.5526794158e+07","5.5789032496e+08"
"2018-02-26 18:07:00","6.2406432736e+07","5.6977818034e+08"
"2018-02-26 18:08:00","6.0686447416e+07","5.7959407342e+08"
"2018-02-26 18:09:00","5.9085879633e+07","5.6235090882e+08"
"2018-02-26 18:10:00","6.4902703356e+07","5.5194839201e+08"
"2018-02-26 18:11:00","6.7576341486e+07","5.6497569022e+08"
"2018-02-26 18:12:00","6.4975337005e+07","5.9099206288e+08"
"2018-02-26 18:13:00","6.3684339360e+07","6.0400019871e+08"
"2018-02-26 18:14:00","6.2766032467e+07","5.3254337415e+08"
"2018-02-26 18:15:00","6.5950841904e+07","5.7943050149e+08"
"2018-02-26 18:16:00","5.7797006181e+07","5.7075342533e+08"
"2018-02-26 18:17:00","5.8527890171e+07","5.8458150298e+08"
"2018-02-26 18:18:00","5.8885343414e+07","5.7596517181e+08"
"2018-02-26 18:19:00","6.0999405836e+07","5.6231691720e+08"
"2018-02-26 18:20:00","6.1635928664e+07","5.7120884606e+08"
"2018-02-26 18:21:00","5.8003857256e+07","5.5448037264e+08"
"2018-02-26 18:22:00","5.5476355882e+07","5.6272989158e+08"
"2018-02-26 18:23:00","5.7468027700e+07","5.6802820050e+08"
"2018-02-26 18:24:00","5.7338395713e+07","5.7171985188e+08"
"2018-02-26 18:25:00","5.5728966389e+07","5.5501542857e+08"
"2018-02-26 18:26:00","5.7029919204e+07","5.8814355406e+08"
"2018-02-26 18:27:00","5.6890005636e+07","5.6977174966e+08"
"2018-02-26 18:28:00","5.8529675247e+07","5.8549123335e+08"
"2018-02-26 18:29:00","6.2626080564e+07","5.9079529272e+08"
"2018-02-26 18:30:00","6.2692235633e+07","5.8438605833e+08"
"2018-02-26 18:31:00","6.6988259147e+07","5.7287654749e+08"
"2018-02-26 18:32:00","6.4493183249e+07","5.5483229456e+08"
"2018-02-26 18:33:00","6.4682107227e+07","5.8747071674e+08"
"2018-02-26 18:34:00","6.4797051993e+07","5.9623865734e+08"
"2018-02-26 18:35:00","6.5232430716e+07","6.1572990011e+08"
"2018-02-26 18:36:00","6.5068368318e+07","6.1811242936e+08"
"2018-02-26 18:37:00","6.3498004167e+07","5.7925617755e+08"
"2018-02-26 18:38:00","6.4611788149e+07","6.0825587728e+08"
"2018-02-26 18:39:00","6.5509411373e+07","6.0488390469e+08"
"2018-02-26 18:40:00","6.7869178524e+07","6.1445449249e+08"
"2018-02-26 18:41:00","6.6879220964e+07","6.2332442337e+08"
"2018-02-26 18:42:00","6.2501539561e+07","6.0963727984e+08"
"2018-02-26 18:43:00","6.1442668053e+07","6.0944295701e+08"
"2018-02-26 18:44:00","6.4690462089e+07","5.9726944804e+08"
"2018-02-26 18:45:00","6.8710773653e+07","6.3134574773e+08"
"2018-02-26 18:46:00","6.2326927820e+07","5.9597909449e+08"
"2018-02-26 18:47:00","6.1684083809e+07","6.0375189582e+08"
"2018-02-26 18:48:00","6.2822117438e+07","6.3249856218e+08"
"2018-02-26 18:49:00","6.4907548863e+07","5.9621210908e+08"
"2018-02-26 18:50:00","6.5249395130e+07","6.1663117930e+08"
"2018-02-26 18:51:00","6.0583641020e+07","5.9422466225e+08"
"2018-02-26 18:52:00","5.8720562970e+07","6.1306324228e+08"
"2018-02-26 18:53:00","6.6699041819e+07","6.1921588149e+08"
"2018-02-26 18:54:00","6.2586805785e+07","6.0943934787e+08"
"2018-02-26 18:55:00","6.4108030463e+07","6.0610709862e+08"
"2018-02-26 18:56:00","6.1116072699e+07","5.8360001691e+08"
"2018-02-26 18:57:00","6.3532349171e+07","5.9344297364e+08"
"2018-02-26 18:58:00","6.3036262241e+07","5.9518749640e+08"
"2018-02-26 18:59:00","5.7808152879e+07","6.0256104366e+08"
"2018-02-26 19:00:00","5.8839358989e+07","6.3380869142e+08"
"2018-02-26 19:01:00","5.8323796084e+07","6.2440034381e+08"
"2018-02-26 19:02:00","5.9277814242e+07","5.9953637830e+08"
"2018-02-26 19:03:00","5.6264556302e+07","5.8607916858e+08"
"2018-02-26 19:04:00","6.1136039502e+07","5.9301172131e+08"
"2018-02-26 19:05:00","6.3796313084e+07","5.8051528188e+08"
"2018-02-26 19:06:00","5.9082660671e+07","5.7527197868e+08"
"2018-02-26 19:07:00","6.1116949998e+07","5.8676964284e+08"
"2018-02-26 19:08:00","6.5071271562e+07","5.7288463380e+08"
"2018-02-26 19:09:00","6.7634109901e+07","5.8996861469e+08"
"2018-02-26 19:10:00","6.4551354185e+07","6.0374620133e+08"
"2018-02-26 19:11:00","6.8904486571e+07","5.8027103625e+08"
"2018-02-26 19:12:00","7.1333580022e+07","5.9658314894e+08"
"2018-02-26 19:13:00","7.3246803593e+07","6.4594185180e+08"
"2018-02-26 19:14:00","6.4635046329e+07","6.2655059510e+08"
"2018-02-26 19:15:00","5.9971578498e+07","6.4119814986e+08"
"2018-02-26 19:16:00","5.8189829991e+07","5.9934431495e+08"
"2018-02-26 19:17:00","5.5829997238e+07","5.6124468738e+08"
"2018-02-26 19:18:00","5.8561107067e+07","5.6426655579e+08"
"2018-02-26 19:19:00","6.4879735593e+07","5.9790938181e+08"
"2018-02-26 19:20:00","6.4950793769e+07","6.1380958498e+08"
"2018-02-26 19:21:00","6.0857790399e+07","6.1734239196e+08"
"2018-02-26 19:22:00","6.7168970229e+07","6.2759701322e+08"
"2018-02-26 19:23:00","7.2336939149e+07","6.0564675218e+08"
"2018-02-26 19:24:00","7.4505708404e+07","6.0747702636e+08"
"2018-02-26 19:25:00","6.9714380940e+07","6.1213152228e+08"
"2018-02-26 19:26:00","6.5890565892e+07","6.1170148182e+08"
"2018-02-26 19:27:00","6.5734440798e+07","5.9292021761e+08"
"2018-02-26 19:28:00","6.8203218923e+07","6.0153612841e+08"
"2018-02-26 19:29:00","6.5557638218e+07","5.9209500440e+08"
"2018-02-26 19:30:00","6.5846656149e+07","5.7379871478e+08"
"2018-02-26 19:31:00","7.1103300253e+07","6.0493235447e+08"
"2018-02-26 19:32:00","7.1087859033e+07","6.1506166745e+08"
"2018-02-26 19:33:00","6.9322618425e+07","6.3232690197e+08"
"2018-02-26 19:34:00","6.8939685516e+07","6.3445831212e+08"
"2018-02-26 19:35:00","6.9991019747e+07","6.2180557934e+08"
"2018-02-26 19:36:00","7.4253432698e+07","6.0904381057e+08"
"2018-02-26 19:37:00","7.4122907935e+07","5.9286538600e+08"
"2018-02-26 19:38:00","6.8896897320e+07","5.9110915393e+08"
"2018-02-26 19:39:00","6.4377320769e+07","6.0875361576e+08"
"2018-02-26 19:40:00","7.0483951012e+07","6.2412912952e+08"
"2018-02-26 19:41:00","7.7300764504e+07","6.4539743474e+08"
"2018-02-26 19:42:00","7.7302977893e+07","6.0734645590e+08"
"2018-02-26 19:43:00","7.4339060397e+07","5.7868931679e+08"
"2018-02-26 19:44:00","7.7475423283e+07","6.0078760520e+08"
"2018-02-26 19:45:00","7.6683572251e+07","5.9987770496e+08"
"2018-02-26 19:46:00","7.5289020624e+07","5.9770208892e+08"
"2018-02-26 19:47:00","8.4440284104e+07","6.4030536372e+08"
"2018-02-26 19:48:00","8.2843396201e+07","6.5741334836e+08"
"2018-02-26 19:49:00","8.1975170565e+07","6.2834522502e+08"
"2018-02-26 19:50:00","8.5987073584e+07","6.4410513748e+08"
"2018-02-26 19:51:00","8.1484486822e+07","6.4162822158e+08"
"2018-02-26 19:52:00","8.4869160760e+07","6.6774444551e+08"
"2018-02-26 19:53:00","8.5300909947e+07","6.6838517555e+08"
"2018-02-26 19:54:00","8.2543014131e+07","6.3283123211e+08"
"2018-02-26 19:55:00","8.3044672196e+07","6.2479727722e+08"
"2018-02-26 19:56:00","9.0554450784e+07","6.3975437043e+08"
"2018-02-26 19:57:00","8.6666242237e+07","6.6988210919e+08"
"2018-02-26 19:58:00","7.6962913806e+07","6.6398837945e+08"
"2018-02-26 19:59:00","7.0087213000e+07","6.2747237573e+08"
"2018-02-26 20:00:00","7.1621107493e+07","6.4207207268e+08"
"2018-02-26 20:01:00","7.7372044508e+07","6.4653979995e+08"
"2018-02-26 20:02:00","7.6892164708e+07","6.5254990080e+08"
"2018-02-26 20:03:00","7.6594999109e+07","6.5164551399e+08"
"2018-02-26 20:04:00","6.7878827118e+07","6.4484417697e+08"
"2018-02-26 20:05:00","6.9168423484e+07","6.7590799257e+08"
"2018-02-26 20:06:00","6.6083298858e+07","6.2514778858e+08"
"2018-02-26 20:07:00","6.5116784195e+07","6.2761081459e+08"
"2018-02-26 20:08:00","6.6420020382e+07","6.2411100623e+08"
"2018-02-26 20:09:00","6.9653006851e+07","6.4611692136e+08"
"2018-02-26 20:10:00","6.8438822531e+07","6.3852231905e+08"
"2018-02-26 20:11:00","7.0655101382e+07","6.7018981389e+08"
"2018-02-26 20:12:00","7.2966810020e+07","6.8674174943e+08"
"2018-02-26 20:13:00","6.5471758896e+07","6.5510329626e+08"
"2018-02-26 20:14:00","7.2164566251e+07","6.8762875786e+08"
"2018-02-26 20:15:00","7.3466732469e+07","6.9220813191e+08"
"2018-02-26 20:16:00","6.8251877967e+07","6.8063239074e+08"
"2018-02-26 20:17:00","6.3352453035e+07","6.2263060680e+08"
"2018-02-26 20:18:00","7.6560606007e+07","7.5129296230e+08"
"2018-02-26 20:19:00","7.2277388513e+07","6.8330900373e+08"
"2018-02-26 20:20:00","6.9507756282e+07","6.7871933686e+08"
"2018-02-26 20:21:00","6.9253901271e+07","6.8661295509e+08"
"2018-02-26 20:22:00","6.5370716198e+07","6.4909627539e+08"
"2018-02-26 20:23:00","6.6260316440e+07","6.8811028034e+08"
"2018-02-26 20:24:00","6.9583534453e+07","6.8525944704e+08"
"2018-02-26 20:25:00","6.6212039319e+07","6.4714077573e+08"
"2018-02-26 20:26:00","6.5974937562e+07","6.3410716066e+08"
"2018-02-26 20:27:00","6.3336386678e+07","6.4299030434e+08"
"2018-02-26 20:28:00","6.8679310212e+07","6.5968674065e+08"
"2018-02-26 20:29:00","7.1266891327e+07","6.3752004359e+08"
"2018-02-26 20:30:00","6.9979874487e+07","6.1586419507e+08"
"2018-02-26 20:31:00","6.8269273549e+07","6.2114267932e+08"
"2018-02-26 20:32:00","6.5838985838e+07","6.4361254922e+08"
"2018-02-26 20:33:00","6.4635741670e+07","6.2215356408e+08"
"2018-02-26 20:34:00","6.3993317449e+07","6.2623993956e+08"
"2018-02-26 20:35:00","6.4523790682e+07","6.1349741193e+08"
"2018-02-26 20:36:00","7.5054650244e+07","6.5854857664e+08"
"2018-02-26 20:37:00","7.3756910126e+07","6.4138633839e+08"
"2018-02-26 20:38:00","7.3489322353e+07","6.7045644352e+08"
"2018-02-26 20:39:00","7.8170577507e+07","6.6482400635e+08"
"2018-02-26 20:40:00","7.8118946929e+07","6.6576043820e+08"
"2018-02-26 20:41:00","7.3298653586e+07","6.4258037886e+08"
"2018-02-26 20:42:00","6.9724455852e+07","6.5971089013e+08"
"2018-02-26 20:43:00","7.0600903333e+07","6.3665562158e+08"
"2018-02-26 20:44:00","7.1240365543e+07","6.6030422070e+08"
"2018-02-26 20:45:00","7.3407821295e+07","6.3263207407e+08"
"2018-02-26 20:46:00","7.1944682244e+07","6.5773060112e+08"
"2018-02-26 20:47:00","7.0626893056e+07","6.1459783979e+08"
"2018-02-26 20:48:00","7.2827161304e+07","6.2426620779e+08"
"2018-02-26 20:49:00","6.9689185073e+07","6.2136746146e+08"
"2018-02-26 20:50:00","7.0371852684e+07","6.2545440188e+08"
"2018-02-26 20:51:00","7.2692196776e+07","6.3805889162e+08"
"2018-02-26 20:52:00","7.3572747991e+07","6.3535596313e+08"
"2018-02-26 20:53:00","7.4126998971e+07","6.2748345116e+08"
"2018-02-26 20:54:00","7.5196495088e+07","6.7072522520e+08"
"2018-02-26 20:55:00","7.5000187590e+07","6.4853688711e+08"
"2018-02-26 20:56:00","7.2530176951e+07","6.3161028950e+08"
"2018-02-26 20:57:00","7.9278678373e+07","6.6721239801e+08"
"2018-02-26 20:58:00","8.1383477956e+07","6.6710377872e+08"
"2018-02-26 20:59:00","8.3903907644e+07","6.6771647149e+08"
"2018-02-26 21:00:00","8.3520109289e+07","6.5878358738e+08"
"2018-02-26 21:01:00","8.0393864307e+07","6.5136642276e+08"
"2018-02-26 21:02:00","7.8525573086e+07","6.5875519091e+08"
"2018-02-26 21:03:00","7.9517262378e+07","6.6122655701e+08"
"2018-02-26 21:04:00","8.5439962958e+07","6.5936740805e+08"
"2018-02-26 21:05:00","8.7983622698e+07","6.7518980278e+08"
"2018-02-26 21:06:00","7.7213973947e+07","6.5314694877e+08"
"2018-02-26 21:07:00","7.3433916369e+07","6.2526479429e+08"
"2018-02-26 21:08:00","7.4894341100e+07","6.2956212511e+08"
"2018-02-26 21:09:00","7.4607063107e+07","6.5377408031e+08"
"2018-02-26 21:10:00","7.4028660386e+07","6.6498726685e+08"
"2018-02-26 21:11:00","7.7515224729e+07","6.4435516511e+08"
"2018-02-26 21:12:00","8.4179476394e+07","6.5620929160e+08"
"2018-02-26 21:13:00","8.6649574953e+07","6.9830146071e+08"
"2018-02-26 21:14:00","8.2908301940e+07","6.7368253771e+08"
"2018-02-26 21:15:00","8.4398414194e+07","6.8646532919e+08"
"2018-02-26 21:16:00","8.1955128013e+07","7.2518392413e+08"
"2018-02-26 21:17:00","7.6793338967e+07","6.8461432651e+08"
"2018-02-26 21:18:00","7.8604822113e+07","6.9732424180e+08"
"2018-02-26 21:19:00","7.6264880209e+07","6.9003856986e+08"
"2018-02-26 21:20:00","7.7822123011e+07","6.8115048924e+08"
"2018-02-26 21:21:00","7.7810683462e+07","6.4955090242e+08"
"2018-02-26 21:22:00","7.8140702984e+07","6.6796714771e+08"
"2018-02-26 21:23:00","7.4007452880e+07","6.4366248154e+08"
"2018-02-26 21:24:00","7.2481224732e+07","6.5360771605e+08"
"2018-02-26 21:25:00","7.4235577404e+07","6.3352117424e+08"
"2018-02-26 21:26:00","7.4247419818e+07","6.5355092685e+08"
"2018-02-26 21:27:00","7.1541875760e+07","6.5349772256e+08"
"2018-02-26 21:28:00","7.2417938297e+07","6.6181915955e+08"
"2018-02-26 21:29:00","6.8942360552e+07","6.2982431623e+08"
"2018-02-26 21:30:00","6.9492152631e+07","6.5395459611e+08"
"2018-02-26 21:31:00","7.4140970973e+07","6.3657266188e+08"
"2018-02-26 21:32:00","7.4238654787e+07","6.4639516734e+08"
"2018-02-26 21:33:00","7.4468636871e+07","6.5683638273e+08"
"2018-02-26 21:34:00","7.2207715344e+07","6.5092811233e+08"
"2018-02-26 21:35:00","6.7030763054e+07","6.7058621173e+08"
"2018-02-26 21:36:00","6.5484298317e+07","6.5699865629e+08"
"2018-02-26 21:37:00","6.3755674440e+07","6.5007265830e+08"
"2018-02-26 21:38:00","6.4511750308e+07","6.4705069010e+08"
"2018-02-26 21:39:00","6.4934946367e+07","6.4037148025e+08"
"2018-02-26 21:40:00","7.0696387302e+07","6.4389523839e+08"
"2018-02-26 21:41:00","7.0294726989e+07","6.0556650207e+08"
"2018-02-26 21:42:00","7.3412532696e+07","6.3849885387e+08"
"2018-02-26 21:43:00","6.8321775187e+07","6.2741945777e+08"
"2018-02-26 21:44:00","6.9220572222e+07","6.2397914603e+08"
"2018-02-26 21:45:00","6.8255148394e+07","6.0682269738e+08"
"2018-02-26 21:46:00","6.8944902908e+07","6.0998978738e+08"
"2018-02-26 21:47:00","6.9574781798e+07","6.0092555354e+08"
"2018-02-26 21:48:00","6.9598033735e+07","6.0368578099e+08"
"2018-02-26 21:49:00","6.7834941314e+07","5.5911985514e+08"
"2018-02-26 21:50:00","6.9533296631e+07","5.8314446112e+08"
"2018-02-26 21:51:00","7.4250269879e+07","5.6300553502e+08"
"2018-02-26 21:52:00","7.1551848933e+07","5.8267764066e+08"
"2018-02-26 21:53:00","6.8526065723e+07","5.7299127334e+08"
"2018-02-26 21:54:00","7.0596383360e+07","5.7679090752e+08"
"2018-02-26 21:55:00","6.4540829127e+07","5.8363062793e+08"
"2018-02-26 21:56:00","6.5856347291e+07","5.8693985230e+08"
"2018-02-26 21:57:00","6.5501848036e+07","5.8989293529e+08"
"2018-02-26 21:58:00","6.4229537309e+07","5.9442527678e+08"
"2018-02-26 21:59:00","6.7713374127e+07","6.0490632738e+08"
"2018-02-26 22:00:00","6.1475282544e+07","5.6019509566e+08"
"2018-02-26 22:01:00","6.0785553351e+07","5.6596600836e+08"
"2018-02-26 22:02:00","5.8792581412e+07","5.4491368675e+08"
"2018-02-26 22:03:00","6.4629020715e+07","5.2666073480e+08"
"2018-02-26 22:04:00","6.1380602791e+07","5.2989059599e+08"
"2018-02-26 22:05:00","6.5254379267e+07","5.5300013700e+08"
"2018-02-26 22:06:00","5.8902083748e+07","5.2763215748e+08"
"2018-02-26 22:07:00","6.0282259196e+07","5.2795621998e+08"
"2018-02-26 22:08:00","5.9628195382e+07","5.1756786508e+08"
"2018-02-26 22:09:00","6.1378294551e+07","5.3520001844e+08"
"2018-02-26 22:10:00","5.8546829531e+07","5.2609782752e+08"
"2018-02-26 22:11:00","5.9821254527e+07","5.2362896703e+08"
"2018-02-26 22:12:00","6.4929103660e+07","5.3310510694e+08"
"2018-02-26 22:13:00","6.3727878524e+07","5.2899171624e+08"
"2018-02-26 22:14:00","6.1649283778e+07","5.2564020081e+08"
"2018-02-26 22:15:00","6.3416405264e+07","5.5059647026e+08"
"2018-02-26 22:16:00","6.2445177942e+07","5.4568504547e+08"
"2018-02-26 22:17:00","6.2151585036e+07","5.1875824560e+08"
"2018-02-26 22:18:00","6.2457432809e+07","5.1281300120e+08"
"2018-02-26 22:19:00","5.9230503451e+07","5.0150102861e+08"
"2018-02-26 22:20:00","5.6000892686e+07","5.3160191076e+08"
"2018-02-26 22:21:00","5.5124113656e+07","5.1312410013e+08"
"2018-02-26 22:22:00","5.6547807044e+07","5.0347726437e+08"
"2018-02-26 22:23:00","5.7203986638e+07","5.2412515407e+08"
"2018-02-26 22:24:00","5.4841364186e+07","4.9733146943e+08"
"2018-02-26 22:25:00","5.6500267112e+07","5.3427956647e+08"
"2018-02-26 22:26:00","5.3339732905e+07","5.0185129022e+08"
"2018-02-26 22:27:00","5.3936396388e+07","4.9550131090e+08"
"2018-02-26 22:28:00","5.4885422119e+07","4.9603557234e+08"
"2018-02-26 22:29:00","5.3123242184e+07","4.8366120221e+08"
"2018-02-26 22:30:00","5.4845154234e+07","5.0690498381e+08"
"2018-02-26 22:31:00","5.6764129171e+07","5.0402232475e+08"
"2018-02-26 22:32:00","5.4805089056e+07","5.0246129306e+08"
"2018-02-26 22:33:00","5.4225612984e+07","5.0053342003e+08"
"2018-02-26 22:34:00","5.3688149051e+07","5.0052390163e+08"
"2018-02-26 22:35:00","4.7049604627e+07","4.4175928813e+08"
"2018-02-26 22:36:00","5.3117119851e+07","5.1009924192e+08"
"2018-02-26 22:37:00","5.1169517396e+07","4.7738794988e+08"
"2018-02-26 22:38:00","5.1706429542e+07","4.8007460937e+08"
"2018-02-26 22:39:00","4.9233394315e+07","4.7918020492e+08"
"2018-02-26 22:40:00","4.9210712779e+07","4.8103733140e+08"
"2018-02-26 22:41:00","4.9543230773e+07","4.7201615084e+08"
"2018-02-26 22:42:00","4.9784047296e+07","4.5283501496e+08"
"2018-02-26 22:43:00","4.9520827713e+07","4.6919162506e+08"
"2018-02-26 22:44:00","5.0625962147e+07","4.7817640218e+08"
"2018-02-26 22:45:00","4.9995424784e+07","4.7106556940e+08"
"2018-02-26 22:46:00","5.1058958662e+07","4.7324208046e+08"
"2018-02-26 22:47:00","4.9246939280e+07","4.6402453786e+08"
"2018-02-26 22:48:00","4.7250588835e+07","4.5428120922e+08"
"2018-02-26 22:49:00","5.4534323744e+07","4.8092065013e+08"
"2018-02-26 22:50:00","4.8817290232e+07","4.5069360924e+08"
"2018-02-26 22:51:00","4.9357235839e+07","4.6572764011e+08"
"2018-02-26 22:52:00","4.8380534433e+07","4.7322127623e+08"
"2018-02-26 22:53:00","4.9073231113e+07","4.6091106842e+08"
"2018-02-26 22:54:00","4.9944869262e+07","4.5561454255e+08"
"2018-02-26 22:55:00","4.5724653360e+07","4.4467331732e+08"
"2018-02-26 22:56:00","4.7224662113e+07","4.4957768201e+08"
"2018-02-26 22:57:00","5.5219877802e+07","4.4992094690e+08"
"2018-02-26 22:58:00","5.1271366525e+07","4.3837008203e+08"
"2018-02-26 22:59:00","4.9643209960e+07","4.3334084646e+08"
"2018-02-26 23:00:00","4.5689662417e+07","4.2749234597e+08"
"2018-02-26 23:01:00","4.6618355531e+07","4.4734253390e+08"
"2018-02-26 23:02:00","4.9512866536e+07","4.6884331764e+08"
"2018-02-26 23:03:00","4.5287225672e+07","4.5364978416e+08"
"2018-02-26 23:04:00","4.4643291497e+07","4.4005841914e+08"
"2018-02-26 23:05:00","4.3170304840e+07","4.2933903233e+08"
"2018-02-26 23:06:00","4.6521237424e+07","4.7505231003e+08"
"2018-02-26 23:07:00","4.5915886680e+07","4.9349683427e+08"
"2018-02-26 23:08:00","4.5003679871e+07","4.4809766497e+08"
"2018-02-26 23:09:00","4.2980041989e+07","4.3267675378e+08"
"2018-02-26 23:10:00","4.3703752764e+07","4.4518329062e+08"
"2018-02-26 23:11:00","4.4090621780e+07","4.6133274665e+08"
"2018-02-26 23:12:00","4.3301442436e+07","4.2624844112e+08"
"2018-02-26 23:13:00","4.6350676076e+07","4.3806488190e+08"
"2018-02-26 23:14:00","4.3627682013e+07","4.3733108041e+08"
"2018-02-26 23:15:00","4.4360652284e+07","4.5396569204e+08"
"2018-02-26 23:16:00","4.1085883300e+07","4.5581444319e+08"
"2018-02-26 23:17:00","3.9667256109e+07","4.3226399693e+08"
"2018-02-26 23:18:00","4.0308540711e+07","4.0770162382e+08"
"2018-02-26 23:19:00","4.0245894920e+07","4.2281699527e+08"
"2018-02-26 23:20:00","4.1465372982e+07","4.1885100055e+08"
"2018-02-26 23:21:00","3.8948086424e+07","3.9641792995e+08"
"2018-02-26 23:22:00","4.0793504369e+07","4.1698136876e+08"
"2018-02-26 23:23:00","4.5567563049e+07","4.1674182114e+08"
"2018-02-26 23:24:00","5.0402606249e+07","3.9360105086e+08"
"2018-02-26 23:25:00","4.7872247331e+07","3.7262320310e+08"
"2018-02-26 23:26:00","4.3906373084e+07","3.8355283465e+08"
"2018-02-26 23:27:00","4.4853757524e+07","3.7431635008e+08"
"2018-02-26 23:28:00","4.1082529702e+07","3.9268817010e+08"
"2018-02-26 23:29:00","4.1528833878e+07","4.2360069416e+08"
"2018-02-26 23:30:00","4.1703970244e+07","3.9467615911e+08"
"2018-02-26 23:31:00","4.1252142911e+07","4.0391020075e+08"
"2018-02-26 23:32:00","3.9128027436e+07","4.2516966988e+08"
"2018-02-26 23:33:00","3.8117029591e+07","4.2726459972e+08"
"2018-02-26 23:34:00","3.9379174873e+07","4.3104741955e+08"
"2018-02-26 23:35:00","3.9319712736e+07","4.2539454720e+08"
"2018-02-26 23:36:00","3.9783580857e+07","4.0635899417e+08"
"2018-02-26 23:37:00","4.1291256063e+07","4.1355212549e+08"
"2018-02-26 23:38:00","4.5144454931e+07","4.3051064775e+08"
"2018-02-26 23:39:00","4.1793551414e+07","4.0280806124e+08"
"2018-02-26 23:40:00","4.0045002280e+07","4.1446396068e+08"
"2018-02-26 23:41:00","3.6598828898e+07","3.9659607382e+08"
"2018-02-26 23:42:00","3.6915893718e+07","4.1008936305e+08"
"2018-02-26 23:43:00","3.7105034482e+07","4.2781383063e+08"
"2018-02-26 23:44:00","4.3757498220e+07","4.1879536592e+08"
"2018-02-26 23:45:00","4.2815680802e+07","3.9684477300e+08"
"2018-02-26 23:46:00","4.0280105058e+07","3.9557140286e+08"
"2018-02-26 23:47:00","3.4977219798e+07","4.0908499335e+08"
"2018-02-26 23:48:00","3.6713091080e+07","3.7677934482e+08"
"2018-02-26 23:49:00","3.3113164440e+07","3.7903547283e+08"
"2018-02-26 23:50:00","3.0340484200e+07","3.5722883406e+08"
"2018-02-26 23:51:00","3.0483120267e+07","3.5030356949e+08"
"2018-02-26 23:52:00","3.3303841476e+07","3.5639164327e+08"
"2018-02-26 23:53:00","3.4677036509e+07","3.6957666197e+08"
"2018-02-26 23:54:00","3.2087651840e+07","3.6145626904e+08"
"2018-02-26 23:55:00","3.0773210837e+07","3.5800333686e+08"
"2018-02-26 23:56:00","2.9577002610e+07","3.3152496095e+08"
"2018-02-26 23:57:00","3.0117218716e+07","3.2110767034e+08"
"2018-02-26 23:58:00","3.1708189487e+07","3.2603312550e+08"
"2018-02-26 23:59:00","3.1203046889e+07","3.4932734214e+08"
"2018-02-27 00:00:00","3.1237832140e+07","3.2826314022e+08"
"2018-02-27 00:01:00","3.2056425464e+07","3.3224125640e+08"
"2018-02-27 00:02:00","0","0"
"2018-02-27 00:03:00","0","0"
"2018-02-27 00:04:00","0","0"
"2018-02-27 00:05:00","0","0"
"2018-02-27 00:06:00","0","0"
"2018-02-27 00:07:00","0","0"
"2018-02-27 00:08:00","0","0"
"2018-02-27 00:09:00","0","0"
"2018-02-27 00:10:00","0","0"
"2018-02-27 00:11:00","0","0"
"2018-02-27 00:12:00","0","0"
"2018-02-27 00:13:00","0","0"
"2018-02-27 00:14:00","0","0"
"2018-02-27 00:15:00","0","0"
"2018-02-27 00:16:00","0","0"
"2018-02-27 00:17:00","0","0"
"2018-02-27 00:18:00","0","0"
"2018-02-27 00:19:00","0","0"
"2018-02-27 00:20:00","0","0"
"2018-02-27 00:21:00","0","0"
"2018-02-27 00:22:00","2.6157275702e+07","3.5668667509e+08"
"2018-02-27 00:23:00","2.6901737349e+07","3.4086430530e+08"
"2018-02-27 00:24:00","2.7122129247e+07","3.4704471245e+08"
"2018-02-27 00:25:00","1.9828111431e+07","2.2889164745e+08"
"2018-02-27 00:26:00","2.4497342891e+07","2.5465117193e+08"
"2018-02-27 00:27:00","2.0642071267e+07","2.3250434147e+08"
"2018-02-27 00:28:00","2.0772158149e+07","2.5000113532e+08"
"2018-02-27 00:29:00","1.9854851573e+07","2.3416873546e+08"
"2018-02-27 00:30:00","1.9469090513e+07","2.1717296947e+08"
"2018-02-27 00:31:00","1.9817406142e+07","2.1660142361e+08"
"2018-02-27 00:32:00","2.0349059327e+07","2.2903122870e+08"
"2018-02-27 00:33:00","2.2722181133e+07","2.1966417656e+08"
"2018-02-27 00:34:00","2.2010657433e+07","2.0238388590e+08"
"2018-02-27 00:35:00","2.2930683152e+07","1.9686160516e+08"
"2018-02-27 00:36:00","2.4762357662e+07","2.1048638878e+08"
"2018-02-27 00:37:00","3.0397541695e+07","2.4048770024e+08"
"2018-02-27 00:38:00","2.8059536573e+07","2.3232222904e+08"
"2018-02-27 00:39:00","3.0054819122e+07","2.5059336549e+08"
"2018-02-27 00:40:00","2.6068870163e+07","2.3353178396e+08"
"2018-02-27 00:41:00","2.5179286203e+07","2.2307063232e+08"
"2018-02-27 00:42:00","2.4913977069e+07","2.2430464802e+08"
"2018-02-27 00:43:00","2.1918087788e+07","2.0677633565e+08"
"2018-02-27 00:44:00","2.2259566476e+07","2.2199523231e+08"
"2018-02-27 00:45:00","2.0211779693e+07","2.1442342122e+08"
"2018-02-27 00:46:00","2.2041436841e+07","2.3625689756e+08"
"2018-02-27 00:47:00","2.1329706696e+07","2.1580606973e+08"
"2018-02-27 00:48:00","2.2064168781e+07","2.2537880214e+08"
"2018-02-27 00:49:00","2.0729552307e+07","2.3032555539e+08"
"2018-02-27 00:50:00","2.0605571862e+07","2.2892143600e+08"
"2018-02-27 00:51:00","2.1761651573e+07","2.0758131555e+08"
"2018-02-27 00:52:00","2.5482775638e+07","2.0833079244e+08"
"2018-02-27 00:53:00","2.8007891569e+07","2.1563676858e+08"
"2018-02-27 00:54:00","2.6750973998e+07","2.4697103652e+08"
"2018-02-27 00:55:00","2.2490039231e+07","2.3397068327e+08"
"2018-02-27 00:56:00","2.5034162993e+07","2.5261177795e+08"
"2018-02-27 00:57:00","2.2314757911e+07","2.3874692003e+08"
"2018-02-27 00:58:00","2.5222998109e+07","2.2739925311e+08"
"2018-02-27 00:59:00","2.1088042034e+07","2.0497329147e+08"
"2018-02-27 01:00:00","2.4004434607e+07","2.1875457726e+08"
"2018-02-27 01:01:00","2.3451134801e+07","1.9992635293e+08"
"2018-02-27 01:02:00","2.5344340119e+07","2.1500003868e+08"
"2018-02-27 01:03:00","2.2615637081e+07","1.9977342950e+08"
"2018-02-27 01:04:00","2.1676100892e+07","1.9154070246e+08"
"2018-02-27 01:05:00","2.1970626080e+07","2.0716926463e+08"
"2018-02-27 01:06:00","2.2684561503e+07","2.0462051720e+08"
"2018-02-27 01:07:00","2.1924759073e+07","2.1004320208e+08"
"2018-02-27 01:08:00","2.0867696429e+07","1.9409731883e+08"
"2018-02-27 01:09:00","2.0374324876e+07","1.9494825709e+08"
"2018-02-27 01:10:00","1.9655738187e+07","1.8308099177e+08"
"2018-02-27 01:11:00","2.0029709784e+07","1.8123157502e+08"
"2018-02-27 01:12:00","2.2015754976e+07","1.8462952226e+08"
"2018-02-27 01:13:00","1.9687776479e+07","1.7506048739e+08"
"2018-02-27 01:14:00","2.0662887089e+07","1.7585196881e+08"
"2018-02-27 01:15:00","1.8453801692e+07","1.6672311115e+08"
"2018-02-27 01:16:00","1.8946226848e+07","1.8447994136e+08"
"2018-02-27 01:17:00","2.4330817408e+07","1.7655788374e+08"
"2018-02-27 01:18:00","1.9614583424e+07","1.6456429840e+08"
"2018-02-27 01:19:00","2.2518090187e+07","1.8968722558e+08"
"2018-02-27 01:20:00","1.9748902289e+07","1.8792015702e+08"
"2018-02-27 01:21:00","1.7150182017e+07","1.4920982667e+08"
"2018-02-27 01:22:00","1.8714408394e+07","1.5780828893e+08"
"2018-02-27 01:23:00","1.9347518234e+07","1.6245675784e+08"
"2018-02-27 01:24:00","2.2455428397e+07","1.6490927953e+08"
"2018-02-27 01:25:00","2.5155423147e+07","1.9541622009e+08"
"2018-02-27 01:26:00","1.9755111321e+07","1.8859498890e+08"
"2018-02-27 01:27:00","2.0828436157e+07","1.9468261653e+08"
"2018-02-27 01:28:00","1.8775957220e+07","1.7308170073e+08"
"2018-02-27 01:29:00","2.1581811285e+07","1.8036855383e+08"
"2018-02-27 01:30:00","2.1983773811e+07","2.0403778250e+08"
"2018-02-27 01:31:00","2.4490428519e+07","1.7195300463e+08"
"2018-02-27 01:32:00","1.9712083201e+07","1.7179907403e+08"
"2018-02-27 01:33:00","1.9897108940e+07","1.7886177118e+08"
"2018-02-27 01:34:00","2.2683554482e+07","1.8917205450e+08"
"2018-02-27 01:35:00","1.9530553851e+07","1.7888696235e+08"
"2018-02-27 01:36:00","1.9433478958e+07","1.8885605946e+08"
"2018-02-27 01:37:00","1.9475560711e+07","1.6758723585e+08"
"2018-02-27 01:38:00","2.0242102858e+07","1.7960872431e+08"
"2018-02-27 01:39:00","2.0148487631e+07","1.7773941519e+08"
"2018-02-27 01:40:00","1.8400334824e+07","1.9883806882e+08"
"2018-02-27 01:41:00","1.8198341510e+07","1.9393589320e+08"
"2018-02-27 01:42:00","1.7501904330e+07","1.7512938198e+08"
"2018-02-27 01:43:00","1.9404978413e+07","1.7969555775e+08"
"2018-02-27 01:44:00","1.8379815285e+07","1.6114662496e+08"
"2018-02-27 01:45:00","1.7540505946e+07","1.6476658059e+08"
"2018-02-27 01:46:00","1.9485272935e+07","1.7831488039e+08"
"2018-02-27 01:47:00","1.6649269126e+07","1.6067376043e+08"
"2018-02-27 01:48:00","1.5991903794e+07","1.5135596781e+08"
"2018-02-27 01:49:00","1.8976906511e+07","1.7178747164e+08"
"2018-02-27 01:50:00","1.6753364990e+07","1.5361092690e+08"
"2018-02-27 01:51:00","1.8638016730e+07","1.4242905708e+08"
"2018-02-27 01:52:00","1.5719252651e+07","1.3917427610e+08"
"2018-02-27 01:53:00","1.5897780101e+07","1.4820753612e+08"
"2018-02-27 01:54:00","1.5874442465e+07","1.4295803716e+08"
"2018-02-27 01:55:00","1.6746803909e+07","1.4666701062e+08"
"2018-02-27 01:56:00","1.6990157702e+07","1.4545577890e+08"
"2018-02-27 01:57:00","1.6450194509e+07","1.4420733042e+08"
"2018-02-27 01:58:00","1.6037447744e+07","1.4351118256e+08"
"2018-02-27 01:59:00","1.6311062538e+07","1.4745002488e+08"
"2018-02-27 02:00:00","1.5476128787e+07","1.2967066877e+08"
"2018-02-27 02:01:00","1.7233469216e+07","1.4355117022e+08"
"2018-02-27 02:02:00","1.8329047273e+07","1.3831241001e+08"
"2018-02-27 02:03:00","2.0185894780e+07","1.4491929056e+08"
"2018-02-27 02:04:00","1.7126184662e+07","1.3576780525e+08"
"2018-02-27 02:05:00","1.6377935987e+07","1.4537119259e+08"
"2018-02-27 02:06:00","1.5452260971e+07","1.4474309366e+08"
"2018-02-27 02:07:00","1.5459255711e+07","1.4801097607e+08"
"2018-02-27 02:08:00","1.7022103513e+07","1.4658822008e+08"
"2018-02-27 02:09:00","1.5963911907e+07","1.4576161004e+08"
"2018-02-27 02:10:00","1.4632605451e+07","1.2386652933e+08"
"2018-02-27 02:11:00","1.7550418376e+07","1.5157314149e+08"
"2018-02-27 02:12:00","1.7343313653e+07","1.3983649677e+08"
"2018-02-27 02:13:00","1.7455587509e+07","1.3075595803e+08"
"2018-02-27 02:14:00","1.7763682358e+07","1.3837368708e+08"
"2018-02-27 02:15:00","1.6807993784e+07","1.2521549616e+08"
"2018-02-27 02:16:00","1.6256548528e+07","1.3614588347e+08"
"2018-02-27 02:17:00","1.9748841105e+07","1.4895032105e+08"
"2018-02-27 02:18:00","1.9186720604e+07","1.3624358775e+08"
"2018-02-27 02:19:00","1.8749306912e+07","1.3260927444e+08"
"2018-02-27 02:20:00","1.8520331915e+07","1.2391285818e+08"
"2018-02-27 02:21:00","1.8777810004e+07","1.2894064652e+08"
"2018-02-27 02:22:00","1.8863715911e+07","1.3024966549e+08"
"2018-02-27 02:23:00","2.1104667969e+07","1.3768304747e+08"
"2018-02-27 02:24:00","2.5875007491e+07","1.3105484325e+08"
"2018-02-27 02:25:00","2.5296786339e+07","1.3086634749e+08"
"2018-02-27 02:26:00","1.8313413150e+07","1.3889812541e+08"
"2018-02-27 02:27:00","1.3503452497e+07","1.2224321364e+08"
"2018-02-27 02:28:00","1.4719318223e+07","1.2690845041e+08"
"2018-02-27 02:29:00","1.5851645450e+07","1.3576151178e+08"
"2018-02-27 02:30:00","1.5275989847e+07","1.3658714000e+08"
"2018-02-27 02:31:00","1.4778580265e+07","1.3187700720e+08"
"2018-02-27 02:32:00","1.8500333898e+07","1.3019501294e+08"
"2018-02-27 02:33:00","1.7934362096e+07","1.2806031462e+08"
"2018-02-27 02:34:00","1.8938849204e+07","1.1953991425e+08"
"2018-02-27 02:35:00","1.9923373311e+07","1.3137945677e+08"
"2018-02-27 02:36:00","1.6681521722e+07","1.1199230011e+08"
"2018-02-27 02:37:00","1.6696460656e+07","1.3397648204e+08"
"2018-02-27 02:38:00","1.9472265549e+07","1.3978246163e+08"
"2018-02-27 02:39:00","1.9312473022e+07","1.4154914021e+08"
"2018-02-27 02:40:00","1.7271253920e+07","1.4182929038e+08"
"2018-02-27 02:41:00","1.7177445787e+07","1.3631240578e+08"
"2018-02-27 02:42:00","1.7714692824e+07","1.2629140381e+08"
"2018-02-27 02:43:00","1.7642987962e+07","1.2343890554e+08"
"2018-02-27 02:44:00","1.7826479863e+07","1.3113470544e+08"
"2018-02-27 02:45:00","1.6667501353e+07","1.2401718896e+08"
"2018-02-27 02:46:00","1.6706916760e+07","1.1930329013e+08"
"2018-02-27 02:47:00","1.8664073079e+07","1.3197912401e+08"
"2018-02-27 02:48:00","1.5505534156e+07","1.3230714735e+08"
"2018-02-27 02:49:00","1.6425230664e+07","1.3805777868e+08"
"2018-02-27 02:50:00","1.7129986367e+07","1.2576699139e+08"
"2018-02-27 02:51:00","1.6811420076e+07","1.2677829929e+08"
"2018-02-27 02:52:00","1.6554515842e+07","1.2489169584e+08"
"2018-02-27 02:53:00","1.7144271547e+07","1.3607811692e+08"
"2018-02-27 02:54:00","1.5574612764e+07","1.2519714045e+08"
"2018-02-27 02:55:00","1.6769366161e+07","1.3341359822e+08"
"2018-02-27 02:56:00","1.7286398710e+07","1.2292795028e+08"
"2018-02-27 02:57:00","1.6381666525e+07","1.2887865982e+08"
"2018-02-27 02:58:00","1.7288976066e+07","1.3254750762e+08"
"2018-02-27 02:59:00","1.6912891047e+07","1.3717062992e+08"
"2018-02-27 03:00:00","1.6598628209e+07","1.3135107589e+08"
"2018-02-27 03:01:00","1.6117085082e+07","1.2494963322e+08"
"2018-02-27 03:02:00","1.7271358113e+07","1.3006333653e+08"
"2018-02-27 03:03:00","1.6585046709e+07","1.3368993435e+08"
"2018-02-27 03:04:00","1.6644170811e+07","1.3718674641e+08"
"2018-02-27 03:05:00","1.6031041118e+07","1.2727698392e+08"
"2018-02-27 03:06:00","1.6600134664e+07","1.4887720881e+08"
"2018-02-27 03:07:00","1.5881863837e+07","1.3672640776e+08"
"2018-02-27 03:08:00","1.5775300914e+07","1.3414796822e+08"
"2018-02-27 03:09:00","1.7621487169e+07","1.2980617088e+08"
"2018-02-27 03:10:00","1.6615573891e+07","1.2792484129e+08"
"2018-02-27 03:11:00","1.5061292472e+07","1.1958213203e+08"
"2018-02-27 03:12:00","1.4705702734e+07","1.1294234829e+08"
"2018-02-27 03:13:00","1.5012520321e+07","1.1261513012e+08"
"2018-02-27 03:14:00","1.4280622221e+07","1.0620594624e+08"
"2018-02-27 03:15:00","1.4082557523e+07","1.1952394088e+08"
"2018-02-27 03:16:00","1.5359849752e+07","1.2389900699e+08"
"2018-02-27 03:17:00","1.4526931580e+07","1.1638271828e+08"
"2018-02-27 03:18:00","1.6119933512e+07","1.1625667615e+08"
"2018-02-27 03:19:00","1.5452141434e+07","1.1522344657e+08"
"2018-02-27 03:20:00","1.5388397440e+07","1.1680107213e+08"
"2018-02-27 03:21:00","1.4497150031e+07","1.2188874411e+08"
"2018-02-27 03:22:00","1.3208318947e+07","1.1012931691e+08"
"2018-02-27 03:23:00","1.3122942480e+07","1.0730366217e+08"
"2018-02-27 03:24:00","1.2776374116e+07","1.1289827126e+08"
"2018-02-27 03:25:00","1.2988558538e+07","1.1246438294e+08"
"2018-02-27 03:26:00","1.3272665531e+07","1.0195856619e+08"
"2018-02-27 03:27:00","1.3235222462e+07","1.0045142671e+08"
"2018-02-27 03:28:00","1.3304798930e+07","1.0936809539e+08"
"2018-02-27 03:29:00","1.3580106060e+07","1.1874226931e+08"
"2018-02-27 03:30:00","1.3708835340e+07","1.0421456980e+08"
"2018-02-27 03:31:00","1.4246811446e+07","1.0301678485e+08"
"2018-02-27 03:32:00","1.6580923761e+07","1.1486903626e+08"
"2018-02-27 03:33:00","1.3093485493e+07","1.0793610619e+08"
"2018-02-27 03:34:00","1.2656131277e+07","1.0669937394e+08"
"2018-02-27 03:35:00","1.3021021703e+07","1.0093936182e+08"
"2018-02-27 03:36:00","1.3996020927e+07","1.0314473792e+08"
"2018-02-27 03:37:00","1.4327824211e+07","1.0162782161e+08"
"2018-02-27 03:38:00","1.4174683970e+07","9.5798295207e+07"
"2018-02-27 03:39:00","1.4060106064e+07","9.6649013156e+07"
"2018-02-27 03:40:00","1.4403030722e+07","9.8566916521e+07"
"2018-02-27 03:41:00","1.4211014796e+07","1.0288086250e+08"
"2018-02-27 03:42:00","1.4718188191e+07","1.0036528134e+08"
"2018-02-27 03:43:00","1.4143426225e+07","1.0075086195e+08"
"2018-02-27 03:44:00","1.4642073875e+07","1.0274489316e+08"
"2018-02-27 03:45:00","1.3209080614e+07","1.0234343242e+08"
"2018-02-27 03:46:00","1.8405361280e+07","1.0816082243e+08"
"2018-02-27 03:47:00","1.5081116653e+07","1.0577027362e+08"
"2018-02-27 03:48:00","1.3098284020e+07","1.0148630555e+08"
"2018-02-27 03:49:00","1.2961332089e+07","1.0586092601e+08"
"2018-02-27 03:50:00","1.3976050495e+07","1.1096738698e+08"
"2018-02-27 03:51:00","1.4361713402e+07","1.0879553520e+08"
"2018-02-27 03:52:00","1.4075734696e+07","1.0142980346e+08"
"2018-02-27 03:53:00","1.4586378156e+07","1.0560811146e+08"
"2018-02-27 03:54:00","1.4182744596e+07","1.0445213948e+08"
"2018-02-27 03:55:00","1.3485046598e+07","1.0868423290e+08"
"2018-02-27 03:56:00","1.4809721135e+07","1.0795253255e+08"
"2018-02-27 03:57:00","1.3732349652e+07","1.0742808526e+08"
"2018-02-27 03:58:00","1.2977044926e+07","9.3359978574e+07"
"2018-02-27 03:59:00","1.2897286591e+07","8.7925344934e+07"
"2018-02-27 04:00:00","1.2775867770e+07","8.3230215141e+07"
"2018-02-27 04:01:00","1.3947129838e+07","9.6952061493e+07"
"2018-02-27 04:02:00","1.5281514257e+07","9.6396308470e+07"
"2018-02-27 04:03:00","1.2270888729e+07","8.7784128529e+07"
"2018-02-27 04:04:00","1.2748611300e+07","8.7594748009e+07"
"2018-02-27 04:05:00","1.2000625789e+07","8.3581833630e+07"
"2018-02-27 04:06:00","1.3046263824e+07","9.5417976223e+07"
"2018-02-27 04:07:00","1.2284873021e+07","8.3928005880e+07"
"2018-02-27 04:08:00","1.3943456929e+07","7.9550912664e+07"
"2018-02-27 04:09:00","1.2868084319e+07","9.1058609112e+07"
"2018-02-27 04:10:00","1.2553246132e+07","9.2494121561e+07"
"2018-02-27 04:11:00","1.2061918905e+07","8.8279771817e+07"
"2018-02-27 04:12:00","1.2655589311e+07","9.2298452487e+07"
"2018-02-27 04:13:00","1.2109297800e+07","9.0387548198e+07"
"2018-02-27 04:14:00","1.2320930342e+07","8.2512388282e+07"
"2018-02-27 04:15:00","1.1941208841e+07","8.2694096756e+07"
"2018-02-27 04:16:00","1.2622458611e+07","8.8593044826e+07"
"2018-02-27 04:17:00","1.2790690375e+07","8.3944655332e+07"
"2018-02-27 04:18:00","1.3398096967e+07","8.0491401102e+07"
"2018-02-27 04:19:00","1.3576886177e+07","8.1447691482e+07"
"2018-02-27 04:20:00","1.3078015996e+07","7.4611456500e+07"
"2018-02-27 04:21:00","1.2838931924e+07","8.2749982718e+07"
"2018-02-27 04:22:00","1.2582985829e+07","8.1814124300e+07"
"2018-02-27 04:23:00","1.2590635671e+07","7.4557161267e+07"
"2018-02-27 04:24:00","1.2745235882e+07","7.5347191756e+07"
"2018-02-27 04:25:00","1.3324333802e+07","8.9733439493e+07"
"2018-02-27 04:26:00","1.3197670313e+07","7.5676496944e+07"
"2018-02-27 04:27:00","1.3270653011e+07","8.2720740938e+07"
"2018-02-27 04:28:00","1.4851107073e+07","8.6084122653e+07"
"2018-02-27 04:29:00","1.3437832267e+07","8.1214634300e+07"
"2018-02-27 04:30:00","1.2694169960e+07","8.0300975229e+07"
"2018-02-27 04:31:00","1.2666190538e+07","8.6515365918e+07"
"2018-02-27 04:32:00","1.3551365564e+07","9.0258978087e+07"
"2018-02-27 04:33:00","1.2704127641e+07","8.5918757036e+07"
"2018-02-27 04:34:00","1.4583663199e+07","1.1022247596e+08"
"2018-02-27 04:35:00","1.3972484536e+07","1.1878870435e+08"
"2018-02-27 04:36:00","1.3043938267e+07","1.1090180600e+08"
"2018-02-27 04:37:00","1.3357731091e+07","1.0660772479e+08"
"2018-02-27 04:38:00","1.4596005967e+07","1.1422455531e+08"
"2018-02-27 04:39:00","1.4086368969e+07","1.1452348312e+08"
"2018-02-27 04:40:00","1.5569582251e+07","1.1318459664e+08"
"2018-02-27 04:41:00","1.6431012951e+07","1.2297561404e+08"
"2018-02-27 04:42:00","1.4904984293e+07","1.0463711840e+08"
"2018-02-27 04:43:00","1.2327436131e+07","8.7937225349e+07"
"2018-02-27 04:44:00","1.2022571173e+07","7.9169791369e+07"
"2018-02-27 04:45:00","1.2648781771e+07","8.8437724584e+07"
"2018-02-27 04:46:00","1.3873518780e+07","9.4235887949e+07"
"2018-02-27 04:47:00","1.3221461909e+07","8.1753321162e+07"
"2018-02-27 04:48:00","1.3161376898e+07","1.0139714305e+08"
"2018-02-27 04:49:00","1.3404925587e+07","8.1280121394e+07"
"2018-02-27 04:50:00","1.4388192091e+07","9.2597118194e+07"
"2018-02-27 04:51:00","1.3893838913e+07","9.3588442122e+07"
"2018-02-27 04:52:00","1.4371084071e+07","9.6961276887e+07"
"2018-02-27 04:53:00","1.4620088769e+07","9.6808346991e+07"
"2018-02-27 04:54:00","1.3835449996e+07","9.2503760011e+07"
"2018-02-27 04:55:00","1.5657788462e+07","9.1954126647e+07"
"2018-02-27 04:56:00","1.6894501971e+07","9.2358312833e+07"
"2018-02-27 04:57:00","1.6524607338e+07","8.9269245244e+07"
"2018-02-27 04:58:00","1.5424113939e+07","9.6451823898e+07"
"2018-02-27 04:59:00","1.7688320260e+07","9.8053296348e+07"
"2018-02-27 05:00:00","1.6495725724e+07","9.5969637099e+07"
"2018-02-27 05:01:00","1.6920339333e+07","8.9865702196e+07"
"2018-02-27 05:02:00","1.7342761463e+07","8.9188167584e+07"
"2018-02-27 05:03:00","1.7377193920e+07","1.1421088822e+08"
"2018-02-27 05:04:00","1.6923322951e+07","1.1064667853e+08"
"2018-02-27 05:05:00","1.7771694613e+07","1.1549198942e+08"
"2018-02-27 05:06:00","1.7544540813e+07","1.0321744339e+08"
"2018-02-27 05:07:00","1.6778550884e+07","9.0158294162e+07"
"2018-02-27 05:08:00","1.5933308996e+07","8.8406403291e+07"
"2018-02-27 05:09:00","1.5986885222e+07","8.7808471727e+07"
"2018-02-27 05:10:00","1.8268492009e+07","1.0066347509e+08"
"2018-02-27 05:11:00","1.7627115504e+07","1.0810840392e+08"
"2018-02-27 05:12:00","1.5734395840e+07","1.0893599998e+08"
"2018-02-27 05:13:00","1.4256924929e+07","9.3758713764e+07"
"2018-02-27 05:14:00","1.5318889980e+07","8.1153768733e+07"
"2018-02-27 05:15:00","1.5620989423e+07","8.2801955163e+07"
"2018-02-27 05:16:00","1.7144823659e+07","8.9691073272e+07"
"2018-02-27 05:17:00","1.6504026466e+07","9.5467536470e+07"
"2018-02-27 05:18:00","1.7231063934e+07","1.0286833527e+08"
"2018-02-27 05:19:00","1.6985565051e+07","9.5661001313e+07"
"2018-02-27 05:20:00","1.8867912348e+07","1.0686801147e+08"
"2018-02-27 05:21:00","1.6123963104e+07","9.0977728688e+07"
"2018-02-27 05:22:00","1.6728299158e+07","9.3328996145e+07"
"2018-02-27 05:23:00","1.6386665338e+07","9.7523913100e+07"
"2018-02-27 05:24:00","1.6361953232e+07","1.0082143146e+08"
"2018-02-27 05:25:00","1.5175257149e+07","9.2728712949e+07"
"2018-02-27 05:26:00","1.5505309168e+07","1.0192961826e+08"
"2018-02-27 05:27:00","1.7051281998e+07","1.0613461373e+08"
"2018-02-27 05:28:00","1.7776375300e+07","1.0471963800e+08"
"2018-02-27 05:29:00","1.6485300619e+07","1.1134567395e+08"
"2018-02-27 05:30:00","1.8697924010e+07","9.8845702935e+07"
"2018-02-27 05:31:00","2.0860954086e+07","1.0905970787e+08"
"2018-02-27 05:32:00","1.7955444688e+07","1.1716564137e+08"
"2018-02-27 05:33:00","1.8812424457e+07","1.1199072616e+08"
"2018-02-27 05:34:00","2.5344881974e+07","1.1139981959e+08"
"2018-02-27 05:35:00","2.2944965370e+07","9.7386919397e+07"
"2018-02-27 05:36:00","1.9945570201e+07","1.0767170289e+08"
"2018-02-27 05:37:00","2.2224252311e+07","1.1699006363e+08"
"2018-02-27 05:38:00","2.2665225368e+07","1.1798597765e+08"
"2018-02-27 05:39:00","2.2113648481e+07","1.0791005866e+08"
"2018-02-27 05:40:00","1.9393062394e+07","1.1884401907e+08"
"2018-02-27 05:41:00","2.1185880792e+07","1.3087688364e+08"
"2018-02-27 05:42:00","2.1732730578e+07","1.3276166238e+08"
"2018-02-27 05:43:00","2.1079620459e+07","1.2891530064e+08"
"2018-02-27 05:44:00","2.0171693357e+07","1.3725131877e+08"
"2018-02-27 05:45:00","2.0666387010e+07","1.2063669014e+08"
"2018-02-27 05:46:00","2.1964156992e+07","1.2771634573e+08"
"2018-02-27 05:47:00","2.1917982439e+07","1.2154729790e+08"
"2018-02-27 05:48:00","2.1482206094e+07","1.1546376805e+08"
"2018-02-27 05:49:00","2.2539413772e+07","1.3543512572e+08"
"2018-02-27 05:50:00","2.3074862073e+07","1.2215645386e+08"
"2018-02-27 05:51:00","2.2284145247e+07","1.1655896151e+08"
"2018-02-27 05:52:00","2.2836104143e+07","1.3022108676e+08"
"2018-02-27 05:53:00","2.1160935755e+07","1.1695775000e+08"
"2018-02-27 05:54:00","1.9398023345e+07","1.1550404725e+08"
"2018-02-27 05:55:00","2.0024097622e+07","1.3378046575e+08"
"2018-02-27 05:56:00","2.1588353216e+07","1.4240498787e+08"
"2018-02-27 05:57:00","2.1593691569e+07","1.3890066411e+08"
"2018-02-27 05:58:00","2.0983463702e+07","1.4210603705e+08"
"2018-02-27 05:59:00","1.9381091476e+07","1.3188237196e+08"
"2018-02-27 06:00:00","2.4509103333e+07","1.5642235421e+08"
"2018-02-27 06:01:00","2.5323632727e+07","1.6085033339e+08"
"2018-02-27 06:02:00","2.6843315033e+07","1.8246998519e+08"
"2018-02-27 06:03:00","2.1720668428e+07","1.5206293171e+08"
"2018-02-27 06:04:00","2.4845497249e+07","1.6568116869e+08"
"2018-02-27 06:05:00","2.3018447985e+07","1.5403065506e+08"
"2018-02-27 06:06:00","2.7995869704e+07","1.6465818908e+08"
"2018-02-27 06:07:00","2.2538486583e+07","1.7326689689e+08"
"2018-02-27 06:08:00","2.0908378457e+07","1.5757607372e+08"
"2018-02-27 06:09:00","2.3105166710e+07","1.6846794766e+08"
"2018-02-27 06:10:00","2.5521559139e+07","1.6783350947e+08"
"2018-02-27 06:11:00","2.2995211960e+07","1.5087012463e+08"
"2018-02-27 06:12:00","2.4557892313e+07","1.6712598875e+08"
"2018-02-27 06:13:00","2.3378836306e+07","1.8704851609e+08"
"2018-02-27 06:14:00","1.9126733714e+07","1.6533477589e+08"
"2018-02-27 06:15:00","1.9319665693e+07","1.5974847948e+08"
"2018-02-27 06:16:00","1.9037885605e+07","1.6482455314e+08"
"2018-02-27 06:17:00","2.1263346174e+07","1.8165710680e+08"
"2018-02-27 06:18:00","2.0955346920e+07","1.7622624866e+08"
"2018-02-27 06:19:00","2.1518304178e+07","1.7721772346e+08"
"2018-02-27 06:20:00","2.2041209387e+07","1.8242899376e+08"
"2018-02-27 06:21:00","2.3493285337e+07","1.8201715896e+08"
"2018-02-27 06:22:00","2.2135557916e+07","1.7352583199e+08"
"2018-02-27 06:23:00","2.1118306544e+07","1.6951077831e+08"
"2018-02-27 06:24:00","2.2418697827e+07","1.9830530580e+08"
"2018-02-27 06:25:00","2.0996953537e+07","1.9389482268e+08"
"2018-02-27 06:26:00","2.9379167175e+07","1.7753338859e+08"
"2018-02-27 06:27:00","3.1853785175e+07","1.8026692229e+08"
"2018-02-27 06:28:00","3.0277546198e+07","2.0297897528e+08"
"2018-02-27 06:29:00","2.2117421583e+07","2.2363429406e+08"
"2018-02-27 06:30:00","2.6715659248e+07","2.1139707446e+08"
"2018-02-27 06:31:00","2.6093091740e+07","2.3476841036e+08"
"2018-02-27 06:32:00","2.5335150302e+07","2.0996257283e+08"
"2018-02-27 06:33:00","2.4595995725e+07","2.5012602491e+08"
"2018-02-27 06:34:00","2.8601854264e+07","2.5095038584e+08"
"2018-02-27 06:35:00","3.2913213689e+07","2.2648317803e+08"
"2018-02-27 06:36:00","3.4737246700e+07","2.3053536410e+08"
"2018-02-27 06:37:00","3.6760142304e+07","2.1244944799e+08"
"2018-02-27 06:38:00","3.7891128011e+07","2.2994783121e+08"
"2018-02-27 06:39:00","3.6343159944e+07","2.4303027663e+08"
"2018-02-27 06:40:00","2.9855096871e+07","2.3936792503e+08"
"2018-02-27 06:41:00","2.9462273664e+07","2.5742042064e+08"
"2018-02-27 06:42:00","3.1710189493e+07","2.4985724146e+08"
"2018-02-27 06:43:00","2.8294686735e+07","2.2699811639e+08"
"2018-02-27 06:44:00","3.9569830025e+07","2.1041148757e+08"
"2018-02-27 06:45:00","3.8644628612e+07","2.5285965329e+08"
"2018-02-27 06:46:00","3.4245242579e+07","2.2769050974e+08"
"2018-02-27 06:47:00","3.6178813585e+07","2.5099947781e+08"
"2018-02-27 06:48:00","3.7864509736e+07","2.5189966855e+08"
"2018-02-27 06:49:00","3.6286440247e+07","2.3589192197e+08"
"2018-02-27 06:50:00","3.6910047310e+07","2.3549703676e+08"
"2018-02-27 06:51:00","3.9323139523e+07","2.5998592454e+08"
"2018-02-27 06:52:00","3.9000802565e+07","2.3000869593e+08"
"2018-02-27 06:53:00","3.6634242918e+07","2.5273094315e+08"
"2018-02-27 06:54:00","3.5875665622e+07","2.6633923237e+08"
"2018-02-27 06:55:00","3.7400943586e+07","2.9788128515e+08"
"2018-02-27 06:56:00","3.6469757702e+07","3.0518687396e+08"
"2018-02-27 06:57:00","3.4383630502e+07","2.9067959555e+08"
"2018-02-27 06:58:00","3.3918585459e+07","2.8254779779e+08"
"2018-02-27 06:59:00","3.3012872714e+07","3.0277125609e+08"
"2018-02-27 07:00:00","3.7510534049e+07","3.2370580705e+08"
"2018-02-27 07:01:00","3.5666725188e+07","3.1708373589e+08"
"2018-02-27 07:02:00","3.2368796977e+07","3.2979662497e+08"
"2018-02-27 07:03:00","3.3051213163e+07","3.2757546415e+08"
"2018-02-27 07:04:00","3.1363578645e+07","3.1525919416e+08"
"2018-02-27 07:05:00","3.1422706564e+07","3.1658106096e+08"
"2018-02-27 07:06:00","3.3801047590e+07","3.2015545534e+08"
"2018-02-27 07:07:00","3.4150296795e+07","3.0539852730e+08"
"2018-02-27 07:08:00","3.6050578559e+07","3.2152688167e+08"
"2018-02-27 07:09:00","3.3500015242e+07","2.9363259452e+08"
"2018-02-27 07:10:00","3.3402059994e+07","3.0808566665e+08"
"2018-02-27 07:11:00","3.3320632592e+07","2.9560247243e+08"
"2018-02-27 07:12:00","3.0905445433e+07","2.6399507923e+08"
"2018-02-27 07:13:00","3.1250903863e+07","2.8683416561e+08"
"2018-02-27 07:14:00","3.1925556300e+07","2.9621432635e+08"
"2018-02-27 07:15:00","3.4118523187e+07","2.9991607094e+08"
"2018-02-27 07:16:00","3.6010399640e+07","2.7814379764e+08"
"2018-02-27 07:17:00","3.6063379642e+07","3.4244889939e+08"
"2018-02-27 07:18:00","3.3854865091e+07","3.4357630061e+08"
"2018-02-27 07:19:00","3.4348258969e+07","3.0294578654e+08"
"2018-02-27 07:20:00","3.3254226616e+07","3.0935064590e+08"
"2018-02-27 07:21:00","3.4468660307e+07","3.1327125806e+08"
"2018-02-27 07:22:00","3.7872626831e+07","3.2196134914e+08"
"2018-02-27 07:23:00","3.9220361047e+07","2.9700644966e+08"
"2018-02-27 07:24:00","3.1928060740e+07","2.8715801336e+08"
"2018-02-27 07:25:00","3.4425922851e+07","2.9838689919e+08"
"2018-02-27 07:26:00","3.4234644916e+07","3.0585813441e+08"
"2018-02-27 07:27:00","3.2611609231e+07","3.0720755451e+08"
"2018-02-27 07:28:00","3.0204068796e+07","2.7478533588e+08"
"2018-02-27 07:29:00","3.1151766247e+07","2.9852431276e+08"
"2018-02-27 07:30:00","3.3503998409e+07","3.0945189764e+08"
"2018-02-27 07:31:00","3.4474065037e+07","2.8353968975e+08"
"2018-02-27 07:32:00","3.2191931847e+07","2.6788028050e+08"
"2018-02-27 07:33:00","3.3266583031e+07","2.7286300452e+08"
"2018-02-27 07:34:00","3.6312557169e+07","2.6383166376e+08"
"2018-02-27 07:35:00","3.4057465749e+07","2.7454915454e+08"
"2018-02-27 07:36:00","3.2667760346e+07","2.6350582018e+08"
"2018-02-27 07:37:00","2.9956914560e+07","2.8526519134e+08"
"2018-02-27 07:38:00","3.2499404311e+07","2.7577608546e+08"
"2018-02-27 07:39:00","3.3392594924e+07","2.7340436906e+08"
"2018-02-27 07:40:00","3.3264499814e+07","2.6543935370e+08"
"2018-02-27 07:41:00","3.4616657526e+07","2.7966058703e+08"
"2018-02-27 07:42:00","3.2635811173e+07","2.4948856360e+08"
"2018-02-27 07:43:00","3.0052931018e+07","2.4795186691e+08"
"2018-02-27 07:44:00","3.0071683847e+07","2.7660021170e+08"
"2018-02-27 07:45:00","3.3385450093e+07","3.2806849775e+08"
"2018-02-27 07:46:00","3.3780881696e+07","2.5854977998e+08"
"2018-02-27 07:47:00","3.4083808449e+07","2.7614176548e+08"
"2018-02-27 07:48:00","3.2944349567e+07","2.5943242897e+08"
"2018-02-27 07:49:00","3.8262416328e+07","2.9516539512e+08"
"2018-02-27 07:50:00","3.7661268531e+07","2.8839662006e+08"
"2018-02-27 07:51:00","3.5969889069e+07","2.7651360422e+08"
"2018-02-27 07:52:00","3.6115980826e+07","2.4978728938e+08"
"2018-02-27 07:53:00","3.7942944962e+07","2.7038909707e+08"
"2018-02-27 07:54:00","3.6003510040e+07","2.5930734156e+08"
"2018-02-27 07:55:00","3.6946915556e+07","2.5815842151e+08"
"2018-02-27 07:56:00","3.6237438860e+07","2.7580224237e+08"
"2018-02-27 07:57:00","3.1875719671e+07","2.6998349264e+08"
"2018-02-27 07:58:00","3.4031809904e+07","2.6015380831e+08"
"2018-02-27 07:59:00","3.1200522564e+07","2.5941954579e+08"
